date,market,prob,target_horizon_days,target,prediction,zero_change,previous_1d_change,market_expanding_mean,residual
2026-02-27,recession_2026,0.22,1,0.0050000000000000044,0.0030199685872808434,0.0,0.010000000000000009,-0.001170212765957447,0.001980031412719161
2026-02-27,ukraine_ceasefire,0.365,1,-0.010000000000000009,0.0076743243317214695,0.0,0.0,-0.0007352941176470589,-0.01767432433172148
2026-02-27,us_latam_invasion_2026,0.175,1,0.0,0.001120811327738001,0.0,0.0,-0.0002380952380952383,-0.001120811327738001
2026-02-28,canada_recession_2026,0.43,1,-0.015000000000000013,-0.003378175572366554,0.0,0.020000000000000018,-0.0023232323232323234,-0.01162182442763346
2026-02-28,china_taiwan,0.097,1,0.018000000000000002,0.003062393968607958,0.0,-0.003500000000000003,-0.0006095238095238096,0.014937606031392044
2026-02-28,ecb_hike_2026,0.12,1,-0.0049999999999999906,0.0014039490848685287,0.0,-0.0050000000000000044,-0.001724137931034483,-0.006403949084868519
2026-02-28,fed_hike_2026,0.095,1,0.0,0.0024217877084188218,0.0,0.0050000000000000044,-0.0002112676056338028,-0.0024217877084188218
2026-02-28,negative_gdp_2026,0.251,1,-0.10250000000000001,-0.02018812676299979,0.0,0.007500000000000007,0.0005368421052631578,-0.08231187323700022
2026-02-28,recession_2026,0.225,1,0.0,0.00027949463922601406,0.0,0.0050000000000000044,-0.0011267605633802818,-0.00027949463922601406
2026-02-28,ukraine_ceasefire,0.355,1,0.040000000000000036,0.010296398059305965,0.0,-0.010000000000000009,-0.0007804878048780489,0.02970360194069407
2026-02-28,us_latam_invasion_2026,0.175,1,0.035,-7.642430763483282e-05,0.0,0.0,-0.00023255813953488392,0.035076424307634836
2026-03-01,china_taiwan,0.115,1,-0.006000000000000005,-0.0032175548420767947,0.0,0.018000000000000002,-0.0005213270142180095,-0.0027824451579232107
2026-03-01,ecb_hike_2026,0.115,1,0.009999999999999995,0.0006214228339903038,0.0,-0.0049999999999999906,-0.0017796610169491525,0.009378577166009691
2026-03-01,fed_hike_2026,0.095,1,-0.020000000000000004,0.0009972360356288543,0.0,0.0,-0.00020833333333333332,-0.020997236035628856
2026-03-02,canada_recession_2026,0.415,1,0.0050000000000000044,0.005878636257912833,0.0,-0.015000000000000013,-0.0024500000000000004,-0.0008786362579128286
2026-03-02,china_taiwan,0.109,1,0.0020000000000000018,0.00272473813854833,0.0,-0.006000000000000005,-0.0005471698113207547,-0.0007247381385483281
2026-03-02,ecb_hike_2026,0.125,1,0.065,-0.0009026919174549251,0.0,0.009999999999999995,-0.0015833333333333333,0.06590269191745493
2026-03-02,fed_hike_2026,0.075,1,-0.015,0.008587128007892363,0.0,-0.020000000000000004,-0.0004794520547945206,-0.023587128007892363
2026-03-02,recession_2026,0.225,1,-0.0050000000000000044,0.0033926781317649615,0.0,0.0,-0.0011188811188811189,-0.008392678131764966
2026-03-03,canada_recession_2026,0.42,1,-0.0050000000000000044,0.002407550283861859,0.0,0.0050000000000000044,-0.0023762376237623766,-0.007407550283861863
2026-03-03,china_taiwan,0.111,1,0.0005000000000000004,0.0008102730254406932,0.0,0.0020000000000000018,-0.0005352112676056338,-0.00031027302544069275
2026-03-03,ecb_hike_2026,0.19,1,0.175,-0.016033475031769415,0.0,0.065,-0.0004918032786885246,0.1910334750317694
2026-03-03,fed_hike_2026,0.06,1,0.05,0.0065607887238313106,0.0,-0.015,-0.0006756756756756757,0.04343921127616869
2026-03-03,negative_gdp_2026,0.1485,1,-0.0465,0.014091184290061346,0.0,-0.10250000000000001,-0.0005364583333333336,-0.06059118429006134
2026-03-03,recession_2026,0.22,1,0.010000000000000009,0.003313005215548852,0.0,-0.0050000000000000044,-0.0011458333333333333,0.006686994784451157
2026-03-03,us_latam_invasion_2026,0.21,1,0.0,-0.007830157213500562,0.0,0.035,0.000568181818181818,0.007830157213500562
2026-03-04,canada_recession_2026,0.415,1,-0.03999999999999998,0.0015807150868730833,0.0,-0.0050000000000000044,-0.002401960784313726,-0.04158071508687306
2026-03-04,china_taiwan,0.1115,1,-0.0025000000000000022,-0.0038111907740758857,0.0,0.0005000000000000004,-0.0005303738317757009,0.0013111907740758835
2026-03-04,ecb_hike_2026,0.365,1,-0.024999999999999967,-0.0571197882918303,0.0,0.175,0.0023387096774193546,0.032119788291830334
2026-03-04,fed_hike_2026,0.11,1,-0.015,-0.01233967746176573,0.0,0.05,0.0,-0.0026603225382342693
2026-03-04,negative_gdp_2026,0.102,1,-0.0034999999999999892,0.0017845498310223654,0.0,-0.0465,-0.0010103092783505156,-0.005284549831022355
2026-03-04,recession_2026,0.23,1,0.004999999999999977,-0.003319756990082672,0.0,0.010000000000000009,-0.0010689655172413793,0.008319756990082649
2026-03-04,us_latam_invasion_2026,0.21,1,-0.0050000000000000044,-0.007934211845671495,0.0,0.0,0.0005555555555555554,0.0029342118456714902
2026-03-05,canada_recession_2026,0.375,1,-0.07500000000000001,0.022422844746821283,0.0,-0.03999999999999998,-0.0027669902912621364,-0.0974228447468213
2026-03-05,china_taiwan,0.109,1,0.0015000000000000013,0.007595731344036899,0.0,-0.0025000000000000022,-0.0005395348837209302,-0.006095731344036898
2026-03-05,ecb_hike_2026,0.34,1,0.065,-0.01824838133016747,0.0,-0.024999999999999967,0.0019047619047619052,0.08324838133016747
2026-03-05,fed_hike_2026,0.095,1,0.0,0.008792769642017403,0.0,-0.015,-0.00019736842105263157,-0.008792769642017403
2026-03-05,negative_gdp_2026,0.0985,1,0.03900000000000001,0.004320627160925499,0.0,-0.0034999999999999892,-0.0010357142857142859,0.034679372839074504
2026-03-05,recession_2026,0.235,1,0.0050000000000000044,0.006481604071077052,0.0,0.004999999999999977,-0.0010273972602739727,-0.001481604071077048
2026-03-05,ukraine_ceasefire,0.395,1,-0.025000000000000022,-0.0015399619373082304,0.0,0.040000000000000036,-0.0005825242718446601,-0.023460038062691792
2026-03-05,us_latam_invasion_2026,0.205,1,0.0,0.002659700002230406,0.0,-0.0050000000000000044,0.000434782608695652,-0.002659700002230406
2026-03-06,canada_recession_2026,0.3,1,-0.02999999999999997,0.027237158246588334,0.0,-0.07500000000000001,-0.003461538461538462,-0.0572371582465883
2026-03-06,china_taiwan,0.1105,1,-0.0010000000000000009,-0.00015585575380761343,0.0,0.0015000000000000013,-0.0005300925925925926,-0.0008441442461923875
2026-03-06,ecb_hike_2026,0.405,1,0.04999999999999999,-0.052306179809910064,0.0,0.065,0.0028906250000000004,0.10230617980991005
2026-03-06,fed_hike_2026,0.095,1,0.015,-0.00033647509411817954,0.0,0.0,-0.0001948051948051948,0.015336475094118179
2026-03-06,negative_gdp_2026,0.1375,1,0.017499999999999988,-0.006466836417350675,0.0,0.03900000000000001,-0.0006313131313131314,0.023966836417350663
2026-03-06,recession_2026,0.24,1,0.08000000000000002,0.0004692723603143614,0.0,0.0050000000000000044,-0.0009863945578231293,0.07953072763968566
2026-03-06,ukraine_ceasefire,0.37,1,0.015000000000000013,0.009653492074722034,0.0,-0.025000000000000022,-0.0007004830917874397,0.00534650792527798
2026-03-06,us_latam_invasion_2026,0.205,1,0.010000000000000009,-0.006648518045645969,0.0,0.0,0.0004255319148936168,0.016648518045645978
2026-03-07,canada_recession_2026,0.27,1,0.02999999999999997,0.020124472534375302,0.0,-0.02999999999999997,-0.0037142857142857142,0.00987552746562467
2026-03-07,china_taiwan,0.1095,1,-0.0020000000000000018,-0.0005012273312367255,0.0,-0.0010000000000000009,-0.0005322580645161291,-0.0014987726687632763
2026-03-07,ecb_hike_2026,0.455,1,-0.07500000000000001,-0.06169229509603645,0.0,0.04999999999999999,0.003615384615384616,-0.01330770490396356
2026-03-07,fed_hike_2026,0.11,1,-0.0050000000000000044,-0.008235811169991027,0.0,0.015,0.0,0.003235811169991023
2026-03-07,negative_gdp_2026,0.155,1,0.013500000000000012,0.006580809516137133,0.0,0.017499999999999988,-0.0004500000000000001,0.006919190483862879
2026-03-07,recession_2026,0.32,1,-0.0050000000000000044,-0.021816845286813463,0.0,0.08000000000000002,-0.0004391891891891892,0.01681684528681346
2026-03-07,ukraine_ceasefire,0.385,1,-0.010000000000000009,0.00018407109360502223,0.0,0.015000000000000013,-0.000625,-0.010184071093605031
2026-03-07,us_latam_invasion_2026,0.215,1,0.0050000000000000044,-0.008748139564011145,0.0,0.010000000000000009,0.000625,0.01374813956401115
2026-03-08,canada_recession_2026,0.3,1,-0.02999999999999997,0.009102054168130775,0.0,0.02999999999999997,-0.00339622641509434,-0.03910205416813074
2026-03-08,china_taiwan,0.1075,1,0.0010000000000000009,-0.0009416425744944446,0.0,-0.0020000000000000018,-0.0005389908256880734,0.0019416425744944454
2026-03-08,ecb_hike_2026,0.38,1,0.07,-0.027018844701755876,0.0,-0.07500000000000001,0.0024242424242424242,0.09701884470175588
2026-03-08,fed_hike_2026,0.105,1,0.020000000000000004,-0.0020511923756716052,0.0,-0.0050000000000000044,-6.329113924050639e-05,0.02205119237567161
2026-03-08,negative_gdp_2026,0.1685,1,0.05399999999999999,0.0033806736092832287,0.0,0.013500000000000012,-0.0003118811881188119,0.050619326390716764
2026-03-08,recession_2026,0.315,1,0.04999999999999999,-0.009795224972626585,0.0,-0.0050000000000000044,-0.00046979865771812086,0.05979522497262657
2026-03-08,ukraine_ceasefire,0.375,1,0.010000000000000009,0.003093928866610411,0.0,-0.010000000000000009,-0.0006698564593301436,0.006906071133389598
2026-03-08,us_latam_invasion_2026,0.22,1,-0.010000000000000009,-0.008756780558254337,0.0,0.0050000000000000044,0.0007142857142857144,-0.0012432194417456716
2026-03-09,canada_recession_2026,0.27,1,0.05499999999999999,0.0237258070023266,0.0,-0.02999999999999997,-0.0036448598130841125,0.031274192997673395
2026-03-09,china_taiwan,0.1085,1,-0.004500000000000004,-0.0023216302704277166,0.0,0.0010000000000000009,-0.0005319634703196347,-0.0021783697295722874
2026-03-09,ecb_hike_2026,0.45,1,0.0050000000000000044,-0.0680973554157628,0.0,0.07,0.0034328358208955225,0.0730973554157628
2026-03-09,fed_hike_2026,0.125,1,-0.020000000000000004,-0.01144694435440934,0.0,0.020000000000000004,0.0001875,-0.008553055645590665
2026-03-09,negative_gdp_2026,0.2225,1,-0.006500000000000006,-0.013442742619285818,0.0,0.05399999999999999,0.00022058823529411757,0.006942742619285812
2026-03-09,recession_2026,0.365,1,-0.08000000000000002,-0.02718523177959442,0.0,0.04999999999999999,-0.00013333333333333345,-0.052814768220405595
2026-03-09,ukraine_ceasefire,0.385,1,0.010000000000000009,-0.00177643059283826,0.0,0.010000000000000009,-0.0006190476190476191,0.011776430592838269
2026-03-09,us_latam_invasion_2026,0.21,1,0.015000000000000013,-0.008087629422806906,0.0,-0.010000000000000009,0.0004999999999999999,0.02308762942280692
2026-03-10,canada_recession_2026,0.325,1,-0.015000000000000013,-0.000479674214634844,0.0,0.05499999999999999,-0.003101851851851852,-0.01452032578536517
2026-03-10,china_taiwan,0.104,1,-0.0005000000000000004,-0.0030662457974950895,0.0,-0.004500000000000004,-0.00055,0.002566245797495089
2026-03-10,ecb_hike_2026,0.455,1,-0.125,-0.05771028901143466,0.0,0.0050000000000000044,0.0034558823529411767,-0.06728971098856534
2026-03-10,fed_hike_2026,0.105,1,0.010000000000000009,-0.006691509507527983,0.0,-0.020000000000000004,-6.172839506172845e-05,0.016691509507527992
2026-03-10,negative_gdp_2026,0.216,1,0.0015000000000000013,-0.0042456470725928536,0.0,-0.006500000000000006,0.00015533980582524258,0.005745647072592855
2026-03-10,recession_2026,0.285,1,0.0,-0.003996703342592101,0.0,-0.08000000000000002,-0.0006622516556291393,0.003996703342592101
2026-03-10,ukraine_ceasefire,0.395,1,0.014999999999999958,-0.00745251421178373,0.0,0.010000000000000009,-0.0005687203791469194,0.022452514211783688
2026-03-10,us_latam_invasion_2026,0.225,1,-0.010000000000000009,-0.016466849505335987,0.0,0.015000000000000013,0.0007843137254901963,0.006466849505335978
2026-03-11,canada_recession_2026,0.31,1,0.0050000000000000044,0.025914589916705477,0.0,-0.015000000000000013,-0.003211009174311927,-0.020914589916705473
2026-03-11,china_taiwan,0.1035,1,-0.007999999999999993,0.012716637009042034,0.0,-0.0005000000000000004,-0.0005497737556561087,-0.020716637009042027
2026-03-11,ecb_hike_2026,0.33,1,0.15999999999999998,0.0015159501918125193,0.0,-0.125,0.0015942028985507248,0.15848404980818745
2026-03-11,fed_hike_2026,0.115,1,0.0,0.00292585762648484,0.0,0.010000000000000009,6.0975609756097615e-05,-0.00292585762648484
2026-03-11,negative_gdp_2026,0.2175,1,0.0,0.0053326116129074445,0.0,0.0015000000000000013,0.00016826923076923065,-0.0053326116129074445
2026-03-11,recession_2026,0.285,1,0.010000000000000009,-0.0015890186394538694,0.0,0.0,-0.0006578947368421055,0.011589018639453878
2026-03-11,ukraine_ceasefire,0.41,1,-0.034999999999999976,0.007609810290922398,0.0,0.014999999999999958,-0.0004952830188679247,-0.042609810290922374
2026-03-11,us_latam_invasion_2026,0.215,1,0.0050000000000000044,0.008519381990112748,0.0,-0.010000000000000009,0.0005769230769230769,-0.0035193819901127438
2026-03-12,canada_recession_2026,0.315,1,0.0050000000000000044,0.01848885872719918,0.0,0.0050000000000000044,-0.003136363636363637,-0.013488858727199175
2026-03-12,china_taiwan,0.0955,1,0.0015000000000000013,0.009493639599737765,0.0,-0.007999999999999993,-0.0005833333333333334,-0.007993639599737763
2026-03-12,ecb_hike_2026,0.49,1,0.06500000000000006,-0.060953888131601894,0.0,0.15999999999999998,0.0038571428571428576,0.12595388813160197
2026-03-12,fed_hike_2026,0.115,1,0.02500000000000001,0.003114140340440342,0.0,0.0,6.024096385542174e-05,0.021885859659559664
2026-03-12,negative_gdp_2026,0.2175,1,-0.01899999999999999,-0.0038506571367205693,0.0,0.0,0.00016666666666666655,-0.01514934286327942
2026-03-12,recession_2026,0.295,1,0.040000000000000036,-0.010526670451765995,0.0,0.010000000000000009,-0.0005882352941176472,0.05052667045176603
2026-03-12,us_latam_invasion_2026,0.22,1,0.010000000000000009,0.0006503958953807797,0.0,0.0050000000000000044,0.0006603773584905661,0.00934960410461923
2026-03-13,china_taiwan,0.097,1,0.0025000000000000022,0.0019303900210614656,0.0,0.0015000000000000013,-0.0005739910313901346,0.0005696099789385366
2026-03-13,ecb_hike_2026,0.555,1,-0.08000000000000007,-0.05638596381985324,0.0,0.06500000000000006,0.004718309859154931,-0.023614036180146833
2026-03-13,fed_hike_2026,0.14,1,0.0,-0.00827033240401441,0.0,0.02500000000000001,0.0003571428571428573,0.00827033240401441
2026-03-14,canada_recession_2026,0.32,1,0.04999999999999999,0.005785604285340943,0.0,0.0050000000000000044,-0.0030630630630630634,0.044214395714659044
2026-03-14,china_taiwan,0.0995,1,0.0015000000000000013,0.006241501495380183,0.0,0.0025000000000000022,-0.0005602678571428572,-0.004741501495380182
2026-03-14,ecb_hike_2026,0.475,1,0.04500000000000004,-0.010297628844827187,0.0,-0.08000000000000007,0.003541666666666667,0.055297628844827224
2026-03-14,fed_hike_2026,0.14,1,0.014999999999999986,-0.0009117871661861315,0.0,0.0,0.00035294117647058837,0.015911787166186117
2026-03-14,recession_2026,0.335,1,0.009999999999999953,-0.018287049298092863,0.0,0.040000000000000036,-0.0003246753246753246,0.028287049298092816
2026-03-14,ukraine_ceasefire,0.375,1,0.0,0.010409019082521757,0.0,-0.034999999999999976,-0.0006572769953051644,-0.010409019082521757
2026-03-14,us_latam_invasion_2026,0.23,1,-0.010000000000000009,-0.00814132912289181,0.0,0.010000000000000009,0.0008333333333333336,-0.0018586708771081983
2026-03-15,china_taiwan,0.101,1,0.010499999999999995,0.00664846420504905,0.0,0.0015000000000000013,-0.0005511111111111112,0.003851535794950945
2026-03-15,ecb_hike_2026,0.52,1,-0.030000000000000027,-0.04752594402334427,0.0,0.04500000000000004,0.004109589041095891,0.017525944023344245
2026-03-15,fed_hike_2026,0.155,1,0.0,-0.003620169418252786,0.0,0.014999999999999986,0.0005232558139534883,0.003620169418252786
2026-03-15,recession_2026,0.345,1,-0.02999999999999997,-0.016958819128042882,0.0,0.009999999999999953,-0.0002580645161290325,-0.01304118087195709
2026-03-15,ukraine_ceasefire,0.375,1,-0.010000000000000009,0.0067698061848096795,0.0,0.0,-0.0006542056074766356,-0.016769806184809687
2026-03-15,us_latam_invasion_2026,0.22,1,-0.0050000000000000044,-0.002782229563869955,0.0,-0.010000000000000009,0.0006363636363636364,-0.0022177704361300496
2026-03-16,china_taiwan,0.1115,1,-0.0030000000000000027,0.0005857894269606419,0.0,0.010499999999999995,-0.000502212389380531,-0.0035857894269606446
2026-03-16,recession_2026,0.315,1,-0.010000000000000009,-0.004799730149396789,0.0,-0.02999999999999997,-0.00044871794871794877,-0.00520026985060322
2026-03-16,us_latam_invasion_2026,0.215,1,0.0,-0.006465869629932355,0.0,-0.0050000000000000044,0.0005357142857142857,0.006465869629932355
2026-03-17,canada_recession_2026,0.37,1,0.025000000000000022,-0.010577152783196226,0.0,0.04999999999999999,-0.0025892857142857145,0.035577152783196245
2026-03-17,china_taiwan,0.1085,1,0.006500000000000006,0.0019535199843799013,0.0,-0.0030000000000000027,-0.000513215859030837,0.0045464800156201045
2026-03-17,ecb_hike_2026,0.49,1,-0.034999999999999976,-0.03654684385803826,0.0,-0.030000000000000027,0.0036486486486486487,0.0015468438580382854
2026-03-17,fed_hike_2026,0.155,1,0.01999999999999999,-0.006488603765905973,0.0,0.0,0.0005172413793103448,0.026488603765905963
2026-03-17,negative_gdp_2026,0.1985,1,-0.008000000000000007,-0.005673719547072336,0.0,-0.01899999999999999,-1.4150943396226427e-05,-0.002326280452927671
2026-03-17,recession_2026,0.305,1,0.0,-0.010870674802554096,0.0,-0.010000000000000009,-0.0005095541401273886,0.010870674802554096
2026-03-17,ukraine_ceasefire,0.365,1,0.0,0.00624224971384749,0.0,-0.010000000000000009,-0.0006976744186046513,-0.00624224971384749
2026-03-17,us_latam_invasion_2026,0.215,1,0.0,-0.008145470884461912,0.0,0.0,0.0005263157894736842,0.008145470884461912
2026-03-18,canada_recession_2026,0.395,1,-0.0050000000000000044,-0.00116559519936274,0.0,0.025000000000000022,-0.002345132743362832,-0.0038344048006372644
2026-03-18,china_taiwan,0.115,1,-0.0155,0.005666894494841429,0.0,0.006500000000000006,-0.0004824561403508772,-0.02116689449484143
2026-03-18,ecb_hike_2026,0.455,1,0.14999999999999997,-0.015171901221708028,0.0,-0.034999999999999976,0.0031333333333333335,0.165171901221708
2026-03-18,fed_hike_2026,0.175,1,0.0050000000000000044,-0.0032752056298087917,0.0,0.01999999999999999,0.0007386363636363635,0.008275205629808796
2026-03-18,negative_gdp_2026,0.1905,1,-0.009500000000000008,0.005734521196251145,0.0,-0.008000000000000007,-8.878504672897204e-05,-0.015234521196251153
2026-03-18,recession_2026,0.305,1,0.0050000000000000044,0.004109691536165208,0.0,0.0,-0.0005063291139240508,0.0008903084638347963
2026-03-18,ukraine_ceasefire,0.365,1,-0.010000000000000009,0.013365634328101037,0.0,0.0,-0.0006944444444444446,-0.023365634328101046
2026-03-18,us_latam_invasion_2026,0.215,1,0.04000000000000001,0.003320873117683523,0.0,0.0,0.0005172413793103448,0.03667912688231648
2026-03-19,china_taiwan,0.0995,1,0.0010000000000000009,0.005631960737485404,0.0,-0.0155,-0.0005480349344978166,-0.0046319607374854035
2026-03-19,ecb_hike_2026,0.605,1,0.04500000000000004,-0.06995196244316183,0.0,0.14999999999999997,0.005065789473684211,0.11495196244316187
2026-03-19,recession_2026,0.31,1,0.025000000000000022,-0.0030605502450429707,0.0,0.0050000000000000044,-0.00047169811320754723,0.028060550245042993
2026-03-19,ukraine_ceasefire,0.355,1,0.0,0.009479201177732955,0.0,-0.010000000000000009,-0.0007373271889400923,-0.009479201177732955
2026-03-19,us_latam_invasion_2026,0.255,1,0.0,-0.010537428768483147,0.0,0.04000000000000001,0.0011864406779661019,0.010537428768483147
2026-03-20,canada_recession_2026,0.39,1,0.0050000000000000044,0.0030052559590332123,0.0,-0.0050000000000000044,-0.002368421052631579,0.001994744040966792
2026-03-20,china_taiwan,0.1005,1,0.0049999999999999906,0.01637840560510364,0.0,0.0010000000000000009,-0.000541304347826087,-0.011378405605103649
2026-03-20,ecb_hike_2026,0.65,1,0.14,-0.0460659243263269,0.0,0.04500000000000004,0.005584415584415585,0.1860659243263269
2026-03-20,fed_hike_2026,0.18,1,0.020000000000000018,-0.00563699485292864,0.0,0.0050000000000000044,0.0007865168539325842,0.025636994852928658
2026-03-20,negative_gdp_2026,0.181,1,0.0,0.005507706353347543,0.0,-0.009500000000000008,-0.00017592592592592608,-0.005507706353347543
2026-03-20,recession_2026,0.335,1,0.009999999999999953,0.004760419951154235,0.0,0.025000000000000022,-0.00031249999999999995,0.005239580048845718
2026-03-20,ukraine_ceasefire,0.355,1,0.0,0.023139062908309006,0.0,0.0,-0.0007339449541284405,-0.023139062908309006
2026-03-20,us_latam_invasion_2026,0.255,1,-0.0050000000000000044,0.008396376746467033,0.0,0.0,0.0011666666666666668,-0.013396376746467037
2026-03-21,canada_recession_2026,0.395,1,0.0050000000000000044,-0.004549888854398727,0.0,0.0050000000000000044,-0.0023043478260869566,0.009549888854398732
2026-03-21,china_taiwan,0.1055,1,0.0015000000000000013,0.0018500271325046329,0.0,0.0049999999999999906,-0.0005173160173160173,-0.00035002713250463155
2026-03-21,ecb_hike_2026,0.79,1,0.02499999999999991,-0.07615923210059557,0.0,0.14,0.0073076923076923084,0.10115923210059548
2026-03-21,fed_hike_2026,0.2,1,0.004999999999999977,-0.010043432597959964,0.0,0.020000000000000018,0.001,0.015043432597959941
2026-03-21,negative_gdp_2026,0.181,1,-0.008500000000000008,0.004912645109795978,0.0,0.0,-0.00017431192660550475,-0.013412645109795986
2026-03-21,recession_2026,0.345,1,0.0,-0.0067168040177038625,0.0,0.009999999999999953,-0.0002484472049689443,0.0067168040177038625
2026-03-21,ukraine_ceasefire,0.355,1,-0.019999999999999962,0.010484695807982301,0.0,0.0,-0.0007305936073059362,-0.030484695807982264
2026-03-21,us_latam_invasion_2026,0.25,1,-0.0050000000000000044,-0.0037791801856198667,0.0,-0.0050000000000000044,0.0010655737704918034,-0.0012208198143801377
2026-03-22,canada_recession_2026,0.4,1,0.024999999999999967,0.0011397858492926093,0.0,0.0050000000000000044,-0.0022413793103448275,0.023860214150707357
2026-03-22,china_taiwan,0.107,1,0.0005000000000000004,0.004513716075812198,0.0,0.0015000000000000013,-0.0005086206896551725,-0.004013716075812197
2026-03-22,ecb_hike_2026,0.815,1,-0.009999999999999898,-0.06461090002564988,0.0,0.02499999999999991,0.007531645569620253,0.054610900025649986
2026-03-22,fed_hike_2026,0.205,1,0.03,-0.008065489602825254,0.0,0.004999999999999977,0.0010439560439560438,0.038065489602825256
2026-03-22,negative_gdp_2026,0.1725,1,0.0,0.013903468637497446,0.0,-0.008500000000000008,-0.0002500000000000002,-0.013903468637497446
2026-03-22,recession_2026,0.345,1,0.015000000000000013,-0.0011695068555247212,0.0,0.0,-0.0002469135802469138,0.016169506855524735
2026-03-22,ukraine_ceasefire,0.335,1,0.0,0.018587477764475335,0.0,-0.019999999999999962,-0.0008181818181818182,-0.018587477764475335
2026-03-22,us_latam_invasion_2026,0.245,1,0.0,-0.003904219868645871,0.0,-0.0050000000000000044,0.000967741935483871,0.003904219868645871
2026-03-23,canada_recession_2026,0.425,1,-0.02999999999999997,-0.004843736429399757,0.0,0.024999999999999967,-0.002008547008547009,-0.025156263570600215
2026-03-23,china_taiwan,0.1075,1,0.0030000000000000027,0.0032457094553499117,0.0,0.0005000000000000004,-0.0005042918454935622,-0.000245709455349909
2026-03-23,ecb_hike_2026,0.805,1,0.07499999999999996,-0.06080576371454667,0.0,-0.009999999999999898,0.007312500000000001,0.1358057637145466
2026-03-23,fed_hike_2026,0.235,1,-0.03999999999999998,-0.013681186772765957,0.0,0.03,0.0013586956521739128,-0.026318813227234023
2026-03-23,negative_gdp_2026,0.1725,1,-0.016499999999999987,0.011398254129392726,0.0,0.0,-0.000247747747747748,-0.027898254129392713
2026-03-23,recession_2026,0.36,1,-0.024999999999999967,-0.006442604883287004,0.0,0.015000000000000013,-0.0001533742331288345,-0.018557395116712963
2026-03-23,ukraine_ceasefire,0.335,1,0.009999999999999953,0.012177194231149045,0.0,0.0,-0.0008144796380090498,-0.0021771942311490915
2026-03-23,us_latam_invasion_2026,0.245,1,0.0,-0.004593923096880385,0.0,0.0,0.0009523809523809524,0.004593923096880385
2026-03-24,canada_recession_2026,0.395,1,0.0,0.006052066158770082,0.0,-0.02999999999999997,-0.002245762711864407,-0.006052066158770082
2026-03-24,china_taiwan,0.1105,1,-0.0030000000000000027,0.002106952818166896,0.0,0.0030000000000000027,-0.0004893162393162393,-0.0051069528181668985
2026-03-24,ecb_hike_2026,0.88,1,-0.03500000000000003,-0.08679498521356294,0.0,0.07499999999999996,0.00814814814814815,0.051794985213562905
2026-03-24,fed_hike_2026,0.195,1,0.009999999999999981,-0.0003205487726038129,0.0,-0.03999999999999998,0.000913978494623656,0.010320548772603794
2026-03-24,negative_gdp_2026,0.156,1,0.009500000000000008,0.014536895263767585,0.0,-0.016499999999999987,-0.000392857142857143,-0.005036895263767577
2026-03-24,recession_2026,0.335,1,0.009999999999999953,0.0006732890410659463,0.0,-0.024999999999999967,-0.00030487804878048775,0.009326710958934007
2026-03-24,ukraine_ceasefire,0.345,1,-0.009999999999999953,0.008780078305060529,0.0,0.009999999999999953,-0.000765765765765766,-0.018780078305060482
2026-03-24,us_latam_invasion_2026,0.245,1,0.0,-0.005620641735975818,0.0,0.0,0.0009375,0.005620641735975818
2026-03-25,canada_recession_2026,0.395,1,0.019999999999999962,-0.000612699853379587,0.0,0.0,-0.002226890756302521,0.02061269985337955
2026-03-25,china_taiwan,0.1075,1,-0.0010000000000000009,0.002805805355449281,0.0,-0.0030000000000000027,-0.0005,-0.0038058053554492818
2026-03-25,ecb_hike_2026,0.845,1,-0.030000000000000027,-0.062356373834687784,0.0,-0.03500000000000003,0.007621951219512195,0.03235637383468776
2026-03-25,fed_hike_2026,0.205,1,0.020000000000000018,-0.010838052500116872,0.0,0.009999999999999981,0.0010106382978723402,0.03083805250011689
2026-03-25,negative_gdp_2026,0.1655,1,-0.01200000000000001,0.009137738778856585,0.0,0.009500000000000008,-0.00030530973451327434,-0.021137738778856593
2026-03-25,recession_2026,0.345,1,0.0,-0.007843025183191962,0.0,0.009999999999999953,-0.00024242424242424264,0.007843025183191962
2026-03-25,ukraine_ceasefire,0.335,1,0.0,0.01281131842970464,0.0,-0.009999999999999953,-0.0008071748878923766,-0.01281131842970464
2026-03-25,us_latam_invasion_2026,0.245,1,-0.010000000000000009,-0.0060304800149098975,0.0,0.0,0.0009230769230769231,-0.003969519985090111
2026-03-26,canada_recession_2026,0.415,1,0.015000000000000013,0.0024425279815326415,0.0,0.019999999999999962,-0.002041666666666667,0.012557472018467372
2026-03-26,china_taiwan,0.1065,1,-0.0010000000000000009,0.007722993492281175,0.0,-0.0010000000000000009,-0.0005021186440677967,-0.008722993492281176
2026-03-26,ecb_hike_2026,0.815,1,0.015000000000000013,-0.05790284396209913,0.0,-0.030000000000000027,0.0071686746987951805,0.07290284396209915
2026-03-26,fed_hike_2026,0.225,1,0.014999999999999986,-0.010533903765328409,0.0,0.020000000000000018,0.0012105263157894737,0.025533903765328395
2026-03-26,negative_gdp_2026,0.1535,1,-0.0025000000000000022,0.017016398685400475,0.0,-0.01200000000000001,-0.0004078947368421054,-0.019516398685400477
2026-03-26,recession_2026,0.345,1,0.010000000000000009,-0.0019090362872425833,0.0,0.0,-0.00024096385542168695,0.011909036287242592
2026-03-26,ukraine_ceasefire,0.335,1,-0.010000000000000009,0.014819385915735124,0.0,0.0,-0.0008035714285714286,-0.024819385915735133
2026-03-26,us_latam_invasion_2026,0.235,1,0.0,0.0010634545844764344,0.0,-0.010000000000000009,0.0007575757575757574,-0.0010634545844764344
2026-03-27,canada_recession_2026,0.43,1,0.0050000000000000044,0.009752339045543568,0.0,0.015000000000000013,-0.001900826446280992,-0.004752339045543563
2026-03-27,china_taiwan,0.1055,1,0.0005000000000000004,0.010502085330756394,0.0,-0.0010000000000000009,-0.0005042194092827005,-0.010002085330756394
2026-03-27,ecb_hike_2026,0.83,1,0.0050000000000000044,-0.056231121704720805,0.0,0.015000000000000013,0.007261904761904762,0.06123112170472081
2026-03-27,fed_hike_2026,0.24,1,-0.05499999999999999,-0.0030904464176461713,0.0,0.014999999999999986,0.0013541666666666667,-0.05190955358235382
2026-03-27,negative_gdp_2026,0.151,1,-0.015499999999999986,0.019071340379321802,0.0,-0.0025000000000000022,-0.00042608695652173926,-0.03457134037932179
2026-03-27,recession_2026,0.355,1,0.0050000000000000044,0.0009225287225236647,0.0,0.010000000000000009,-0.0001796407185628744,0.00407747127747634
2026-03-27,ukraine_ceasefire,0.325,1,-0.010000000000000009,0.019678770831712402,0.0,-0.010000000000000009,-0.0008444444444444444,-0.02967877083171241
2026-03-27,us_latam_invasion_2026,0.235,1,0.0,0.007013598814024934,0.0,0.0,0.0007462686567164177,-0.007013598814024934
2026-03-28,canada_recession_2026,0.435,1,-0.010000000000000009,0.00444406977424751,0.0,0.0050000000000000044,-0.0018442622950819675,-0.014444069774247519
2026-03-28,china_taiwan,0.106,1,-0.008499999999999994,0.005731685758075075,0.0,0.0005000000000000004,-0.0005,-0.014231685758075069
2026-03-28,ecb_hike_2026,0.835,1,0.010000000000000009,-0.05141393460111954,0.0,0.0050000000000000044,0.0072352941176470585,0.061413934601119546
2026-03-28,recession_2026,0.36,1,-0.0050000000000000044,-0.002916937335218136,0.0,0.0050000000000000044,-0.00014880952380952393,-0.0020830626647818686
2026-03-28,ukraine_ceasefire,0.315,1,-0.010000000000000009,0.016639050479016516,0.0,-0.010000000000000009,-0.0008849557522123895,-0.026639050479016525
2026-03-28,us_latam_invasion_2026,0.235,1,0.0,0.002339776101322995,0.0,0.0,0.0007352941176470587,-0.002339776101322995
2026-03-29,canada_recession_2026,0.425,1,-0.02999999999999997,0.005982879279702024,0.0,-0.010000000000000009,-0.0019105691056910572,-0.03598287927970199
2026-03-29,china_taiwan,0.0975,1,-0.007000000000000006,0.007459090838088126,0.0,-0.008499999999999994,-0.0005334728033472803,-0.014459090838088131
2026-03-29,ecb_hike_2026,0.845,1,0.0,-0.04095991467770908,0.0,0.010000000000000009,0.007267441860465116,0.04095991467770908
2026-03-29,recession_2026,0.355,1,-0.06,-0.0007506360590875463,0.0,-0.0050000000000000044,-0.00017751479289940844,-0.05924936394091245
2026-03-29,ukraine_ceasefire,0.305,1,-0.020000000000000018,0.016297632848697355,0.0,-0.010000000000000009,-0.0009251101321585904,-0.03629763284869737
2026-03-29,us_latam_invasion_2026,0.235,1,0.0,0.0015565328208257834,0.0,0.0,0.0007246376811594201,-0.0015565328208257834
2026-03-31,ecb_hike_2026,0.845,1,-0.14,-0.04317922119026311,0.0,0.0,0.007183908045977011,-0.09682077880973691
2026-03-31,us_latam_invasion_2026,0.235,1,0.0,-0.00292030719108681,0.0,0.0,0.0007142857142857142,0.00292030719108681
2026-04-02,ecb_hike_2026,0.705,1,-0.02499999999999991,7.683507012400809e-05,0.0,-0.14,0.005511363636363636,-0.02507683507012392
2026-04-02,us_latam_invasion_2026,0.235,1,0.0,0.004251863654441256,0.0,0.0,0.0007042253521126759,-0.004251863654441256
2026-04-05,canada_recession_2026,0.395,1,-0.010000000000000009,0.01232193604871672,0.0,-0.02999999999999997,-0.0021370967741935485,-0.02232193604871673
2026-04-05,fed_hike_2026,0.185,1,-0.04000000000000001,0.00703781918896099,0.0,-0.05499999999999999,0.0007731958762886598,-0.047037819188960994
2026-04-05,negative_gdp_2026,0.1355,1,-0.01100000000000001,0.016254248019599207,0.0,-0.015499999999999986,-0.0005560344827586207,-0.027254248019599216
2026-04-09,canada_recession_2026,0.385,1,-0.025000000000000022,0.0031324791402899954,0.0,-0.010000000000000009,-0.0022,-0.028132479140290018
2026-04-09,china_taiwan,0.0905,1,-0.0040000000000000036,4.913302356662243e-05,0.0,-0.007000000000000006,-0.0005604166666666667,-0.004049133023566626
2026-04-09,ecb_hike_2026,0.68,1,0.09499999999999997,-0.024249990706877347,0.0,-0.02499999999999991,0.005168539325842697,0.11924999070687732
2026-04-09,fed_hike_2026,0.145,1,0.010000000000000009,-0.002297118007220874,0.0,-0.04000000000000001,0.00035714285714285703,0.012297118007220883
2026-04-09,negative_gdp_2026,0.1245,1,-0.013999999999999999,0.007918106184743756,0.0,-0.01100000000000001,-0.0006452991452991454,-0.021918106184743755
2026-04-09,recession_2026,0.295,1,-0.010000000000000009,0.0057450493944612695,0.0,-0.06,-0.0005294117647058825,-0.01574504939446128
2026-04-09,ukraine_ceasefire,0.285,1,-0.019999999999999962,0.011676984642972458,0.0,-0.020000000000000018,-0.0010087719298245616,-0.03167698464297242
2026-04-09,us_latam_invasion_2026,0.235,1,-0.009999999999999981,-0.004845248085946913,0.0,0.0,0.0006944444444444443,-0.005154751914053068
2026-04-12,canada_recession_2026,0.36,1,0.040000000000000036,0.015384974084448055,0.0,-0.025000000000000022,-0.002380952380952381,0.02461502591555198
2026-04-12,fed_hike_2026,0.155,1,-0.010000000000000009,-0.0031527396326148094,0.0,0.010000000000000009,0.00045454545454545455,-0.0068472603673851995
2026-04-12,negative_gdp_2026,0.1105,1,-0.021000000000000005,0.016938726228322907,0.0,-0.013999999999999999,-0.0007584745762711866,-0.03793872622832291
