date,market,prob,target_horizon_days,target,prediction,zero_change,previous_1d_change,market_expanding_mean,predicted_next_prob,actual_next_prob,residual
2026-02-11,canada_recession_2026,0.36,3,0.07,0.0005506033,0.0,-0.030000000000000027,-0.009880952380952381,0.3605506033194251,0.43,0.06944939668057487
2026-02-11,china_taiwan,0.115,3,-0.010000000000000009,-0.003703933,0.0,0.0,-0.0017875647668393784,0.11129606702364982,0.105,-0.006296067023649821
2026-02-11,ecb_hike_2026,0.13,3,0.024999999999999994,-0.0046215933,0.0,0.0,-0.003902439024390244,0.1253784067183733,0.155,0.029621593281626696
2026-02-11,fed_hike_2026,0.12,3,0.010000000000000009,-0.003703933,0.0,0.0,0.0010185185185185186,0.11629606702364981,0.13,0.013703932976350197
2026-02-11,negative_gdp_2026,0.1175,3,-0.00399999999999999,-0.0028517237,0.0,0.0,-0.002987654320987654,0.11464827630668878,0.1135,-0.0011482763066887752
2026-02-11,recession_2026,0.25,3,-0.024999999999999994,-0.003703933,0.0,0.0050000000000000044,-0.0035714285714285713,0.2462960670236498,0.225,-0.021296067023649806
2026-02-11,us_latam_invasion_2026,0.175,3,0.0,-0.003703933,0.0,-0.020000000000000018,-0.0010344827586206906,0.1712960670236498,0.175,0.0037039329763501883
2026-02-12,canada_recession_2026,0.425,3,-0.010000000000000009,0.002864683,0.0,0.065,-0.008941176470588235,0.427864683046937,0.415,-0.012864683046936998
2026-02-12,china_taiwan,0.105,3,0.0,-0.0026899346,0.0,-0.010000000000000009,-0.001829896907216495,0.10231006543152034,0.105,0.002689934568479657
2026-02-12,ecb_hike_2026,0.12,3,0.010000000000000009,-0.0036075944,0.0,-0.010000000000000009,-0.0032142857142857147,0.11639240559190511,0.13,0.013607594408094892
2026-02-12,fed_hike_2026,0.135,3,-0.020000000000000004,-0.0026899346,0.0,0.015000000000000013,0.001181818181818182,0.13231006543152035,0.115,-0.017310065431520347
2026-02-12,negative_gdp_2026,0.1175,3,-0.00399999999999999,-0.0018377249,0.0,0.0,-0.003,0.11566227506380528,0.1135,-0.002162275063805272
2026-02-12,recession_2026,0.23,3,0.0,-0.0026899346,0.0,-0.01999999999999999,-0.0037401574803149606,0.22731006543152035,0.23,0.002689934568479657
2026-02-12,ukraine_ceasefire,0.435,3,-0.020000000000000018,-0.0026899346,0.0,0.0,-0.0012435233160621765,0.43231006543152034,0.415,-0.01731006543152036
2026-02-12,us_latam_invasion_2026,0.175,3,0.0,-0.0026899346,0.0,0.0,-0.0010000000000000009,0.17231006543152033,0.175,0.002689934568479657
2026-02-13,canada_recession_2026,0.425,3,-0.010000000000000009,-0.0030618198,0.0,0.0,-0.008953488372093024,0.42193818017840384,0.415,-0.006938180178403863
2026-02-13,china_taiwan,0.105,3,0.0,-0.0026899346,0.0,0.0,-0.0018205128205128207,0.10231006543152034,0.105,0.002689934568479657
2026-02-13,ecb_hike_2026,0.135,3,0.014999999999999986,-0.0030618198,0.0,0.015000000000000013,-0.0029069767441860465,0.13193818017840386,0.15,0.01806181982159613
2026-02-13,fed_hike_2026,0.13,3,-0.015,-0.0026899346,0.0,-0.0050000000000000044,0.0008035714285714288,0.12731006543152035,0.115,-0.012310065431520342
2026-02-13,negative_gdp_2026,0.118,3,-0.002999999999999989,-0.0018377249,0.0,0.0005000000000000004,-0.003012048192771084,0.11616227506380528,0.115,-0.001162275063805271
2026-02-13,recession_2026,0.225,3,-0.0050000000000000044,-0.0013898537,0.0,-0.0050000000000000044,-0.0037109375,0.22361014634370804,0.22,-0.0036101463437080428
2026-02-13,ukraine_ceasefire,0.435,3,-0.020000000000000018,-0.0026899346,0.0,0.0,-0.0013402061855670106,0.43231006543152034,0.415,-0.01731006543152036
2026-02-13,us_latam_invasion_2026,0.175,3,0.0,-0.0026899346,0.0,0.0,-0.0009677419354838718,0.17231006543152033,0.175,0.002689934568479657
2026-02-14,canada_recession_2026,0.43,3,-0.015000000000000013,-0.0036075944,0.0,0.0050000000000000044,-0.00896551724137931,0.4263924055919051,0.415,-0.01139240559190513
2026-02-14,china_taiwan,0.105,3,0.010000000000000009,-0.0026899346,0.0,0.0,-0.0018112244897959186,0.10231006543152034,0.115,0.012689934568479666
2026-02-14,ecb_hike_2026,0.155,3,0.0050000000000000044,-0.0030618198,0.0,0.01999999999999999,-0.0025000000000000005,0.15193818017840385,0.16,0.00806181982159615
2026-02-14,fed_hike_2026,0.13,3,-0.015,-0.0026899346,0.0,0.0,0.0005263157894736844,0.12731006543152035,0.115,-0.012310065431520342
2026-02-14,negative_gdp_2026,0.1135,3,0.0030000000000000027,-0.0018377249,0.0,-0.00449999999999999,-0.003011904761904761,0.11166227506380529,0.1165,0.0048377249361947205
2026-02-14,recession_2026,0.225,3,0.0050000000000000044,-0.0026899346,0.0,0.0,-0.0037209302325581393,0.22231006543152035,0.23,0.007689934568479662
2026-02-14,ukraine_ceasefire,0.435,3,-0.06,-0.0026899346,0.0,0.0,-0.0014358974358974364,0.43231006543152034,0.375,-0.05731006543152034
2026-02-14,us_latam_invasion_2026,0.175,3,0.0,-0.0026899346,0.0,0.0,-0.0009375000000000008,0.17231006543152033,0.175,0.002689934568479657
2026-02-15,canada_recession_2026,0.415,3,-0.044999999999999984,-0.0045438954,0.0,-0.015000000000000013,-0.009034090909090908,0.410456104632467,0.37,-0.040456104632467016
2026-02-15,china_taiwan,0.105,3,0.010000000000000009,-0.0026899346,0.0,0.0,-0.0017512690355329951,0.10231006543152034,0.115,0.012689934568479666
2026-02-15,ecb_hike_2026,0.13,3,0.01999999999999999,-0.0035546515,0.0,-0.024999999999999994,-0.0023333333333333335,0.1264453484863043,0.15,0.023554651513695707
2026-02-15,fed_hike_2026,0.115,3,0.0,-0.0026899346,0.0,-0.015,0.00025862068965517264,0.11231006543152035,0.115,0.002689934568479657
2026-02-15,negative_gdp_2026,0.1135,3,-0.0005000000000000004,-0.0018377249,0.0,0.0,-0.002941176470588235,0.11166227506380529,0.113,0.0013377249361947174
2026-02-15,recession_2026,0.23,3,0.009999999999999981,-0.0026899346,0.0,0.0050000000000000044,-0.003653846153846154,0.22731006543152035,0.24,0.012689934568479638
2026-02-15,ukraine_ceasefire,0.415,3,-0.02999999999999997,-0.0026899346,0.0,-0.020000000000000018,-0.0017346938775510208,0.4123100654315203,0.385,-0.027310065431520314
2026-02-15,us_latam_invasion_2026,0.175,3,0.0,-0.0026899346,0.0,0.0,-0.0009090909090909098,0.17231006543152033,0.175,0.002689934568479657
2026-02-16,china_taiwan,0.105,3,0.010000000000000009,-0.0026899346,0.0,0.0,-0.001691919191919192,0.10231006543152034,0.115,0.012689934568479666
2026-02-16,ecb_hike_2026,0.15,3,-0.0050000000000000044,-0.0030618198,0.0,0.01999999999999999,-0.0018478260869565222,0.14693818017840385,0.145,-0.0019381801784038588
2026-02-16,fed_hike_2026,0.115,3,0.0,-0.0026899346,0.0,0.0,0.00025423728813559344,0.11231006543152035,0.115,0.002689934568479657
2026-02-17,canada_recession_2026,0.415,3,-0.024999999999999967,-0.0036655066,0.0,0.0,-0.00943820224719101,0.4113344933930784,0.39,-0.021334493393078413
2026-02-17,china_taiwan,0.115,3,-0.010000000000000009,-0.0032936214,0.0,0.010000000000000009,-0.0016331658291457286,0.11170637864619494,0.105,-0.006706378646194944
2026-02-17,ecb_hike_2026,0.16,3,-0.01999999999999999,-0.0032936214,0.0,0.010000000000000009,-0.0019148936170212771,0.15670637864619494,0.14,-0.016706378646194925
2026-02-17,fed_hike_2026,0.115,3,0.015,-0.0032936214,0.0,0.0,0.0002500000000000002,0.11170637864619494,0.13,0.018293621353805065
2026-02-17,negative_gdp_2026,0.115,3,-0.0010000000000000009,-0.002441412,0.0,0.0015000000000000013,-0.002912790697674418,0.11255858792923391,0.114,0.0014414120707660905
2026-02-17,recession_2026,0.22,3,0.0,-0.0032936214,0.0,-0.010000000000000009,-0.0035496183206106873,0.21670637864619494,0.22,0.003293621353805065
2026-02-17,ukraine_ceasefire,0.415,3,-0.02999999999999997,-0.0032936214,0.0,0.0,-0.0018781725888324875,0.4117063786461949,0.385,-0.026706378646194906
2026-02-17,us_latam_invasion_2026,0.175,3,0.0,-0.0032936214,0.0,0.0,-0.0008823529411764714,0.17170637864619492,0.175,0.003293621353805065
2026-02-18,canada_recession_2026,0.415,3,-0.019999999999999962,-0.0036655066,0.0,0.0,-0.00961111111111111,0.4113344933930784,0.395,-0.01633449339307841
2026-02-18,china_taiwan,0.115,3,-0.008500000000000008,-0.0032936214,0.0,0.0,-0.001675,0.11170637864619494,0.1065,-0.005206378646194942
2026-02-18,ecb_hike_2026,0.15,3,-0.009999999999999981,-0.0032936214,0.0,-0.010000000000000009,-0.002291666666666667,0.14670637864619493,0.14,-0.006706378646194916
2026-02-18,fed_hike_2026,0.115,3,0.015,-0.0032936214,0.0,0.0,0.0004918032786885248,0.11170637864619494,0.13,0.018293621353805065
2026-02-18,recession_2026,0.23,3,0.004999999999999977,0.00024471906,0.0,0.010000000000000009,-0.003522727272727273,0.23024471906363034,0.235,0.004755280936369649
2026-02-19,china_taiwan,0.115,3,-0.010000000000000009,-0.0032936214,0.0,0.0,-0.001708955223880597,0.11170637864619494,0.105,-0.006706378646194944
2026-02-19,ecb_hike_2026,0.145,3,-0.004999999999999977,-0.0032936214,0.0,-0.0050000000000000044,-0.0024489795918367346,0.14170637864619492,0.14,-0.0017063786461949115
2026-02-19,fed_hike_2026,0.115,3,0.015,-0.0032936214,0.0,0.0,0.0007258064516129034,0.11170637864619494,0.13,0.018293621353805065
2026-02-19,recession_2026,0.24,3,-0.01999999999999999,-0.0032936214,0.0,0.009999999999999981,-0.003458646616541354,0.23670637864619493,0.22,-0.016706378646194925
2026-02-20,canada_recession_2026,0.37,3,0.044999999999999984,-0.0036655066,0.0,-0.044999999999999984,-0.009725274725274725,0.36633449339307844,0.415,0.04866550660692154
2026-02-20,china_taiwan,0.105,3,0.0025000000000000022,-0.0032936214,0.0,-0.010000000000000009,-0.0017500000000000003,0.10170637864619493,0.1075,0.005793621353805067
2026-02-20,ecb_hike_2026,0.14,3,0.004999999999999977,-0.0032936214,0.0,-0.004999999999999977,-0.0024999999999999996,0.13670637864619495,0.145,0.008293621353805042
2026-02-20,fed_hike_2026,0.13,3,-0.035,-0.0032936214,0.0,0.015,0.0009523809523809526,0.12670637864619494,0.095,-0.03170637864619494
2026-02-20,negative_gdp_2026,0.1165,3,-0.014500000000000013,-0.002441412,0.0,0.0015000000000000013,-0.002890804597701149,0.11405858792923391,0.102,-0.012058587929233922
2026-02-20,recession_2026,0.22,3,0.0050000000000000044,-0.0032936214,0.0,-0.01999999999999999,-0.0035820895522388064,0.21670637864619494,0.225,0.00829362135380507
2026-02-20,us_latam_invasion_2026,0.175,3,0.0,-0.0032936214,0.0,0.0,-0.0008571428571428579,0.17170637864619492,0.175,0.003293621353805065
2026-02-21,canada_recession_2026,0.39,3,0.024999999999999967,-0.002365426,0.0,0.020000000000000018,-0.009130434782608695,0.3876345740724355,0.415,0.02736542592756447
2026-02-21,china_taiwan,0.1065,3,-0.0020000000000000018,-0.0032936214,0.0,0.0015000000000000013,-0.0017290640394088672,0.10320637864619493,0.1045,0.0012936213538050634
2026-02-21,ecb_hike_2026,0.14,3,0.0,-0.0032936214,0.0,0.0,-0.002352941176470588,0.13670637864619495,0.14,0.003293621353805065
2026-02-21,fed_hike_2026,0.13,3,-0.035,-0.0032936214,0.0,0.0,0.00039062500000000013,0.12670637864619494,0.095,-0.03170637864619494
2026-02-21,negative_gdp_2026,0.113,3,-0.011999999999999997,-0.002441412,0.0,-0.003500000000000003,-0.0030227272727272724,0.11055858792923391,0.101,-0.009558587929233905
2026-02-21,recession_2026,0.235,3,-0.01999999999999999,-0.0032936214,0.0,0.014999999999999986,-0.003518518518518519,0.23170637864619492,0.215,-0.016706378646194925
2026-02-21,ukraine_ceasefire,0.375,3,0.020000000000000018,-0.0032936214,0.0,-0.03999999999999998,-0.00202020202020202,0.37170637864619493,0.395,0.023293621353805083
2026-02-21,us_latam_invasion_2026,0.175,3,0.0,-0.0032936214,0.0,0.0,-0.000833333333333334,0.17170637864619492,0.175,0.003293621353805065
2026-02-22,canada_recession_2026,0.395,3,0.024999999999999967,-0.0036655066,0.0,0.0050000000000000044,-0.008763440860215053,0.39133449339307846,0.42,0.02866550660692152
2026-02-22,china_taiwan,0.105,3,-0.0020000000000000018,-0.0032936214,0.0,-0.0015000000000000013,-0.0017303921568627453,0.10170637864619493,0.103,0.0012936213538050634
2026-02-22,ecb_hike_2026,0.14,3,-0.010000000000000009,-0.0032936214,0.0,0.0,-0.0023076923076923075,0.13670637864619495,0.13,-0.006706378646194944
2026-02-22,fed_hike_2026,0.13,3,-0.05,-0.0032936214,0.0,0.0,-0.00015384615384615377,0.12670637864619494,0.08,-0.04670637864619494
2026-02-22,negative_gdp_2026,0.114,3,0.12449999999999999,-0.002441412,0.0,0.0010000000000000009,-0.003123595505617977,0.11155858792923391,0.2385,0.1269414120707661
2026-02-22,recession_2026,0.22,3,0.0050000000000000044,-0.0032936214,0.0,-0.014999999999999986,-0.003639705882352941,0.21670637864619494,0.225,0.00829362135380507
2026-02-22,ukraine_ceasefire,0.385,3,0.0,0.002632881,0.0,0.010000000000000009,-0.0019095477386934674,0.3876328810490668,0.385,-0.002632881049066782
2026-02-22,us_latam_invasion_2026,0.175,3,0.0,-0.0032936214,0.0,0.0,-0.0008108108108108115,0.17170637864619492,0.175,0.003293621353805065
2026-02-23,canada_recession_2026,0.415,3,0.0,-0.0030618198,0.0,0.019999999999999962,-0.008404255319148936,0.41193818017840383,0.415,0.0030618198215961456
2026-02-23,china_taiwan,0.1075,3,-0.0059999999999999915,-0.0026899346,0.0,0.0025000000000000022,-0.001731707317073171,0.10481006543152034,0.1015,-0.0033100654315203343
2026-02-23,ecb_hike_2026,0.145,3,-0.01999999999999999,-0.0026899346,0.0,0.004999999999999977,-0.0024528301886792454,0.14231006543152033,0.125,-0.017310065431520333
2026-02-23,fed_hike_2026,0.095,3,-0.0050000000000000044,-0.0026899346,0.0,-0.035,-0.0009090909090909091,0.09231006543152034,0.09,-0.0023100654315203473
2026-02-23,negative_gdp_2026,0.102,3,0.1405,-0.0018377249,0.0,-0.01200000000000001,-0.0017055555555555552,0.10016227506380528,0.2425,0.14233772493619473
2026-02-23,recession_2026,0.225,3,-0.015000000000000013,-0.0026899346,0.0,0.0050000000000000044,-0.0035766423357664234,0.22231006543152035,0.21,-0.012310065431520356
2026-02-23,ukraine_ceasefire,0.385,3,-0.020000000000000018,0.00084840605,0.0,0.0,-0.0019,0.38584840605268256,0.365,-0.020848406052682567
2026-02-23,us_latam_invasion_2026,0.175,3,0.0,-0.0026899346,0.0,0.0,-0.0007894736842105271,0.17231006543152033,0.175,0.002689934568479657
2026-02-24,canada_recession_2026,0.415,3,-0.0050000000000000044,-0.0042112814,0.0,0.0,-0.00831578947368421,0.41078871857374905,0.41,-0.0007887185737490698
2026-02-24,china_taiwan,0.1045,3,-0.00399999999999999,-0.0032936214,0.0,-0.0030000000000000027,-0.0017524271844660193,0.10120637864619493,0.1005,-0.0007063786461949245
2026-02-24,ecb_hike_2026,0.14,3,-0.015000000000000013,-0.0032936214,0.0,-0.004999999999999977,-0.002777777777777778,0.13670637864619495,0.125,-0.011706378646194948
2026-02-24,fed_hike_2026,0.095,3,-0.0050000000000000044,-0.0019935407,0.0,0.0,-0.0009701492537313433,0.09300645932555199,0.09,-0.003006459325551991
2026-02-24,negative_gdp_2026,0.101,3,0.1425,-0.002441412,0.0,-0.000999999999999987,-0.00014285714285714238,0.09855858792923392,0.2435,0.14494141207076608
2026-02-24,recession_2026,0.215,3,0.0050000000000000044,-0.0032936214,0.0,-0.010000000000000009,-0.0036594202898550727,0.21170637864619493,0.22,0.00829362135380507
2026-02-24,ukraine_ceasefire,0.395,3,-0.030000000000000027,0.00024471906,0.0,0.010000000000000009,-0.0019900497512437814,0.39524471906363035,0.365,-0.030244719063630354
2026-02-24,us_latam_invasion_2026,0.175,3,0.0,-0.0032936214,0.0,0.0,-0.0007692307692307699,0.17170637864619492,0.175,0.003293621353805065
2026-02-25,canada_recession_2026,0.42,3,0.010000000000000009,-0.0044949003,0.0,0.0050000000000000044,-0.008281249999999999,0.4155050996504724,0.43,0.014494900349527606
2026-02-25,china_taiwan,0.103,3,-0.0059999999999999915,-0.00357724,0.0,-0.0015000000000000013,-0.0017632850241545894,0.09942275995574891,0.097,-0.002422759955748907
2026-02-25,ecb_hike_2026,0.13,3,-0.010000000000000009,-0.00357724,0.0,-0.010000000000000009,-0.003,0.12642275995574892,0.12,-0.0064227599557489246
2026-02-25,fed_hike_2026,0.08,3,0.015,-0.0022771594,0.0,-0.015,-0.0010294117647058824,0.07772284063510597,0.095,0.017277159364894032
2026-02-25,negative_gdp_2026,0.2385,3,0.012500000000000011,-0.0027250308,0.0,0.13749999999999998,0.0014076086956521742,0.23577496923878788,0.251,0.015225030761212122
2026-02-25,recession_2026,0.225,3,0.0,-0.00357724,0.0,0.010000000000000009,-0.0035971223021582736,0.22142275995574892,0.225,0.0035772400442510843
2026-02-25,ukraine_ceasefire,0.385,3,-0.030000000000000027,-0.0039491253,0.0,-0.010000000000000009,-0.002128712871287129,0.38105087470263244,0.355,-0.026050874702632454
2026-02-25,us_latam_invasion_2026,0.175,3,0.0,-0.00357724,0.0,0.0,-0.0007500000000000007,0.1714227599557489,0.175,0.0035772400442510843
2026-02-26,canada_recession_2026,0.415,3,0.0,-0.0042112814,0.0,-0.0050000000000000044,-0.008092783505154638,0.41078871857374905,0.415,0.004211281426250935
2026-02-26,china_taiwan,0.1015,3,0.013499999999999998,-0.0032936214,0.0,-0.0014999999999999875,-0.001783653846153846,0.09820637864619494,0.115,0.016793621353805063
2026-02-26,ecb_hike_2026,0.125,3,-0.009999999999999995,-0.0032936214,0.0,-0.0050000000000000044,-0.003125,0.12170637864619493,0.115,-0.00670637864619493
2026-02-26,fed_hike_2026,0.09,3,0.0050000000000000044,-0.0019935407,0.0,0.009999999999999995,-0.0007971014492753624,0.08800645932555198,0.095,0.006993540674448018
2026-02-26,negative_gdp_2026,0.2425,3,-0.094,-0.01335541,0.0,0.0040000000000000036,0.001526881720430108,0.22914459027349948,0.1485,-0.08064459027349949
2026-02-26,recession_2026,0.21,3,0.015000000000000013,-0.0032936214,0.0,-0.015000000000000013,-0.0035714285714285713,0.20670637864619493,0.225,0.01829362135380508
2026-02-26,ukraine_ceasefire,0.365,3,0.030000000000000027,0.0010675311,0.0,-0.020000000000000018,-0.0022660098522167492,0.36606753106229006,0.395,0.028932468937709954
2026-02-26,us_latam_invasion_2026,0.175,3,0.035,-0.0032936214,0.0,0.0,-0.0007317073170731714,0.17170637864619492,0.21,0.03829362135380507
2026-02-27,canada_recession_2026,0.41,3,0.010000000000000009,-0.0036655066,0.0,-0.0050000000000000044,-0.008010204081632652,0.4063344933930784,0.42,0.013665506606921562
2026-02-27,china_taiwan,0.1005,3,0.008499999999999994,-0.0032936214,0.0,-0.0010000000000000009,-0.0017105263157894735,0.09720637864619494,0.109,0.011793621353805059
2026-02-27,ecb_hike_2026,0.125,3,0.0,-0.0032936214,0.0,0.0,-0.003245614035087719,0.12170637864619493,0.125,0.003293621353805065
2026-02-27,fed_hike_2026,0.09,3,-0.015,-0.0032936214,0.0,0.0,-0.0007142857142857143,0.08670637864619493,0.075,-0.011706378646194934
2026-02-27,negative_gdp_2026,0.2435,3,-0.14150000000000001,-0.013446683,0.0,0.0010000000000000009,0.0005106382978723408,0.23005331693589687,0.10199999999999998,-0.1280533169358969
2026-02-27,recession_2026,0.22,3,0.0,-0.0032936214,0.0,0.010000000000000009,-0.0034397163120567374,0.21670637864619494,0.22,0.003293621353805065
2026-02-27,ukraine_ceasefire,0.365,3,0.0050000000000000044,-0.00012716628,0.0,0.0,-0.002107843137254902,0.36487283372320234,0.37,0.005127166276797657
2026-02-27,us_latam_invasion_2026,0.175,3,0.035,-0.0032936214,0.0,0.0,0.00011904761904761849,0.17170637864619492,0.21,0.03829362135380507
2026-02-28,canada_recession_2026,0.43,3,-0.015000000000000013,-0.0032936214,0.0,0.020000000000000018,-0.007828282828282827,0.42670637864619493,0.415,-0.011706378646194948
2026-02-28,china_taiwan,0.097,3,0.013999999999999999,-0.0032936214,0.0,-0.003500000000000003,-0.0016619047619047618,0.09370637864619494,0.111,0.017293621353805064
2026-02-28,ecb_hike_2026,0.12,3,0.07,-0.0032936214,0.0,-0.0050000000000000044,-0.003189655172413793,0.11670637864619493,0.19,0.07329362135380507
2026-02-28,fed_hike_2026,0.095,3,-0.035,-0.0032936214,0.0,0.0050000000000000044,-0.0009154929577464789,0.09170637864619494,0.06,-0.03170637864619494
2026-02-28,negative_gdp_2026,0.251,3,-0.1525,-0.013446683,0.0,0.007500000000000007,-0.0009842105263157892,0.23755331693589687,0.0985,-0.13905331693589687
2026-02-28,recession_2026,0.225,3,0.0050000000000000044,-0.0032936214,0.0,0.0050000000000000044,-0.003415492957746479,0.22170637864619494,0.23,0.00829362135380507
2026-02-28,ukraine_ceasefire,0.355,3,0.030000000000000027,-0.00012716628,0.0,-0.010000000000000009,-0.002073170731707317,0.35487283372320233,0.385,0.03012716627679768
2026-02-28,us_latam_invasion_2026,0.175,3,0.03,-0.0032936214,0.0,0.0,0.0009302325581395344,0.17170637864619492,0.205,0.033293621353805064
2026-03-01,china_taiwan,0.115,3,-0.003500000000000003,-0.0032936214,0.0,0.018000000000000002,-0.0015876777251184835,0.11170637864619494,0.1115,-0.00020637864619493795
2026-03-01,ecb_hike_2026,0.115,3,0.25,-0.0032936214,0.0,-0.0049999999999999906,-0.0019491525423728814,0.11170637864619494,0.365,0.25329362135380507
2026-03-01,fed_hike_2026,0.095,3,0.015,-0.0032936214,0.0,0.0,-0.001388888888888889,0.09170637864619494,0.11,0.018293621353805065
2026-03-02,canada_recession_2026,0.415,3,-0.03999999999999998,-0.0026899346,0.0,-0.015000000000000013,-0.0079,0.4123100654315203,0.375,-0.03731006543152032
2026-03-02,china_taiwan,0.109,3,0.0,-0.0026899346,0.0,-0.006000000000000005,-0.0015966981132075472,0.10631006543152034,0.109,0.002689934568479657
2026-03-02,ecb_hike_2026,0.125,3,0.21500000000000002,-0.0026899346,0.0,0.009999999999999995,0.0022500000000000003,0.12231006543152034,0.34,0.21768993456847968
2026-03-02,fed_hike_2026,0.075,3,0.020000000000000004,-0.0026899346,0.0,-0.020000000000000004,-0.0011643835616438358,0.07231006543152034,0.095,0.02268993456847966
2026-03-02,recession_2026,0.225,3,0.009999999999999981,-0.0026899346,0.0,0.0,-0.0033566433566433566,0.22231006543152035,0.235,0.012689934568479638
2026-03-03,canada_recession_2026,0.42,3,-0.12,-0.0026899346,0.0,0.0050000000000000044,-0.008217821782178218,0.4173100654315203,0.3,-0.11731006543152034
2026-03-03,china_taiwan,0.111,3,-0.0005000000000000004,-0.0026899346,0.0,0.0020000000000000018,-0.0015892018779342723,0.10831006543152034,0.1105,0.0021899345684796567
2026-03-03,ecb_hike_2026,0.19,3,0.21500000000000002,-0.0026899346,0.0,0.065,0.0057377049180327875,0.18731006543152035,0.405,0.21768993456847968
2026-03-03,fed_hike_2026,0.06,3,0.035,-0.0026899346,0.0,-0.015,-0.0008783783783783784,0.05731006543152034,0.095,0.03768993456847966
2026-03-03,negative_gdp_2026,0.1485,3,-0.010999999999999982,-0.010924772,0.0,-0.10250000000000001,-0.0025624999999999997,0.1375752276405692,0.1375,-7.522764056919207e-05
2026-03-03,recession_2026,0.22,3,0.01999999999999999,-0.0026899346,0.0,-0.0050000000000000044,-0.003263888888888889,0.21731006543152034,0.24,0.022689934568479647
2026-03-03,us_latam_invasion_2026,0.21,3,-0.0050000000000000044,-0.0026899346,0.0,0.035,0.0015909090909090905,0.20731006543152034,0.205,-0.0023100654315203473
2026-03-04,canada_recession_2026,0.415,3,-0.14499999999999996,-0.0026899346,0.0,-0.0050000000000000044,-0.009313725490196078,0.4123100654315203,0.27,-0.1423100654315203
2026-03-04,china_taiwan,0.1115,3,-0.0020000000000000018,-0.0026899346,0.0,0.0005000000000000004,-0.0015841121495327104,0.10881006543152034,0.1095,0.0006899345684796554
2026-03-04,ecb_hike_2026,0.365,3,0.09000000000000002,-0.005530788,0.0,0.175,0.009112903225806452,0.3594692119024694,0.455,0.09553078809753063
2026-03-04,fed_hike_2026,0.11,3,0.0,-0.0013898537,0.0,0.05,-0.00039999999999999996,0.10861014634370804,0.11,0.0013898536562919617
2026-03-04,negative_gdp_2026,0.102,3,0.053000000000000005,-0.0024117962,0.0,-0.0465,-0.0026494845360824737,0.09958820375427603,0.155,0.05541179624572397
2026-03-04,recession_2026,0.23,3,0.09,-0.0026899346,0.0,0.010000000000000009,-0.0031034482758620693,0.22731006543152035,0.32,0.09268993456847965
2026-03-04,us_latam_invasion_2026,0.21,3,0.0050000000000000044,-0.0032357092,0.0,0.0,0.001444444444444444,0.2067642908450216,0.215,0.008235709154978399
2026-03-05,canada_recession_2026,0.375,3,-0.07500000000000001,-0.0026899346,0.0,-0.03999999999999998,-0.010631067961165048,0.37231006543152034,0.3,-0.07231006543152035
2026-03-05,china_taiwan,0.109,3,-0.0015000000000000013,-0.0026899346,0.0,-0.0025000000000000022,-0.0015860465116279072,0.10631006543152034,0.1075,0.0011899345684796558
2026-03-05,ecb_hike_2026,0.34,3,0.03999999999999998,-0.01335541,0.0,-0.024999999999999967,0.010396825396825397,0.3266445902734995,0.38,0.05335540972650049
2026-03-05,fed_hike_2026,0.095,3,0.009999999999999995,-0.0030618198,0.0,-0.015,-0.00039473684210526315,0.09193818017840386,0.105,0.01306181982159614
2026-03-05,negative_gdp_2026,0.0985,3,0.07,-0.0033603576,0.0,-0.0034999999999999892,-0.002081632653061224,0.09513964239880443,0.1685,0.07336035760119558
2026-03-05,recession_2026,0.235,3,0.08000000000000002,-0.0026899346,0.0,0.004999999999999977,-0.0024657534246575346,0.23231006543152033,0.315,0.08268993456847967
2026-03-05,ukraine_ceasefire,0.395,3,-0.020000000000000018,-0.0026899346,0.0,0.040000000000000036,-0.00191747572815534,0.39231006543152036,0.375,-0.01731006543152036
2026-03-05,us_latam_invasion_2026,0.205,3,0.015000000000000013,-0.0032357092,0.0,-0.0050000000000000044,0.0015217391304347822,0.2017642908450216,0.22,0.018235709154978408
2026-03-06,canada_recession_2026,0.3,3,-0.02999999999999997,0.0017766012,0.0,-0.07500000000000001,-0.01125,0.3017766011878848,0.27,-0.03177660118788478
2026-03-06,china_taiwan,0.1105,3,-0.0020000000000000018,-0.0026899346,0.0,0.0015000000000000013,-0.0015856481481481483,0.10781006543152034,0.1085,0.0006899345684796554
2026-03-06,ecb_hike_2026,0.405,3,0.044999999999999984,-0.013446683,0.0,0.065,0.010859375000000001,0.3915533169358969,0.45,0.05844668306410311
2026-03-06,fed_hike_2026,0.095,3,0.03,-0.0030618198,0.0,0.0,-0.0002597402597402598,0.09193818017840386,0.125,0.033061819821596145
2026-03-06,negative_gdp_2026,0.1375,3,0.08499999999999999,-0.0024117962,0.0,0.03900000000000001,-0.001353535353535353,0.13508820375427605,0.2225,0.08741179624572396
2026-03-06,recession_2026,0.24,3,0.125,-0.0026899346,0.0,0.0050000000000000044,-0.001904761904761905,0.23731006543152033,0.365,0.12768993456847966
2026-03-06,ukraine_ceasefire,0.37,3,0.015000000000000013,-0.0030688173,0.0,-0.025000000000000022,-0.0020048309178743963,0.3669311826862395,0.385,0.018068817313760532
2026-03-06,us_latam_invasion_2026,0.205,3,0.0050000000000000044,-0.0032357092,0.0,0.0,0.0018085106382978722,0.2017642908450216,0.21,0.008235709154978399
2026-03-07,canada_recession_2026,0.27,3,0.05499999999999999,0.002864683,0.0,-0.02999999999999997,-0.011428571428571429,0.272864683046937,0.325,0.052135316953063005
2026-03-07,china_taiwan,0.1095,3,-0.005500000000000005,-0.0026899346,0.0,-0.0010000000000000009,-0.0015875576036866361,0.10681006543152034,0.104,-0.0028100654315203477
2026-03-07,ecb_hike_2026,0.455,3,0.0,-0.013446683,0.0,0.04999999999999999,0.011384615384615384,0.4415533169358969,0.455,0.013446683064103127
2026-03-07,fed_hike_2026,0.11,3,-0.0050000000000000044,-0.0036075944,0.0,0.015,0.00012820512820512815,0.10639240559190512,0.105,-0.0013924055919051215
2026-03-07,negative_gdp_2026,0.155,3,0.061,0.0041963207,0.0,0.017499999999999988,-0.0004899999999999994,0.1591963206604123,0.216,0.05680367933958769
2026-03-07,recession_2026,0.32,3,-0.03500000000000003,-0.0026899346,0.0,0.08000000000000002,-0.0010472972972972974,0.31731006543152035,0.285,-0.032310065431520374
2026-03-07,ukraine_ceasefire,0.385,3,0.010000000000000009,-0.0030618198,0.0,0.015000000000000013,-0.0019230769230769232,0.38193818017840386,0.395,0.013061819821596155
2026-03-07,us_latam_invasion_2026,0.215,3,0.010000000000000009,-0.0026899346,0.0,0.010000000000000009,0.001875,0.21231006543152034,0.225,0.012689934568479666
2026-03-08,canada_recession_2026,0.3,3,0.010000000000000009,0.002864683,0.0,0.02999999999999997,-0.010801886792452831,0.302864683046937,0.31,0.00713531695306302
2026-03-08,china_taiwan,0.1075,3,-0.0040000000000000036,-0.0026899346,0.0,-0.0020000000000000018,-0.0016055045871559634,0.10481006543152034,0.1035,-0.0013100654315203464
2026-03-08,ecb_hike_2026,0.38,3,-0.04999999999999999,-0.013446683,0.0,-0.07500000000000001,0.011212121212121211,0.3665533169358969,0.33,-0.03655331693589686
2026-03-08,fed_hike_2026,0.105,3,0.010000000000000009,-0.0030618198,0.0,-0.0050000000000000044,6.329113924050621e-05,0.10193818017840385,0.115,0.013061819821596155
2026-03-08,negative_gdp_2026,0.1685,3,0.04899999999999999,0.002714245,0.0,0.013500000000000012,0.00011881188118811932,0.1712142451144755,0.2175,0.0462857548855245
2026-03-08,recession_2026,0.315,3,-0.030000000000000027,-0.009334878,0.0,-0.0050000000000000044,-0.0012751677852348997,0.305665121935308,0.285,-0.020665121935308006
2026-03-08,ukraine_ceasefire,0.375,3,0.034999999999999976,-0.0030688173,0.0,-0.010000000000000009,-0.0018660287081339714,0.3719311826862395,0.41,0.038068817313760495
2026-03-08,us_latam_invasion_2026,0.22,3,-0.0050000000000000044,-0.0026899346,0.0,0.0050000000000000044,0.0020408163265306124,0.21731006543152034,0.215,-0.0023100654315203473
2026-03-09,canada_recession_2026,0.27,3,0.044999999999999984,0.002864683,0.0,-0.02999999999999997,-0.010607476635514018,0.272864683046937,0.315,0.042135316953062996
2026-03-09,china_taiwan,0.1085,3,-0.012999999999999998,-0.0026899346,0.0,0.0010000000000000009,-0.0016164383561643838,0.10581006543152034,0.0955,-0.01031006543152034
2026-03-09,ecb_hike_2026,0.45,3,0.03999999999999998,-0.012510383,0.0,0.07,0.010298507462686568,0.4374896174296737,0.49,0.05251038257032631
2026-03-09,fed_hike_2026,0.125,3,-0.009999999999999995,-0.0030618198,0.0,0.020000000000000004,0.0001875,0.12193818017840385,0.115,-0.006938180178403849
2026-03-09,negative_gdp_2026,0.2225,3,-0.0050000000000000044,0.002714245,0.0,0.05399999999999999,0.0005980392156862749,0.2252142451144755,0.2175,-0.007714245114475493
2026-03-09,recession_2026,0.365,3,-0.07,-0.009334878,0.0,0.04999999999999999,-0.0014666666666666673,0.35566512193530797,0.295,-0.060665121935307986
2026-03-09,ukraine_ceasefire,0.385,3,-0.010000000000000009,-0.0030618198,0.0,0.010000000000000009,-0.0016904761904761906,0.38193818017840386,0.375,-0.006938180178403863
2026-03-09,us_latam_invasion_2026,0.21,3,0.010000000000000009,-0.0036768268,0.0,-0.010000000000000009,0.0019,0.206323173167184,0.22,0.013676826832816014
2026-03-10,canada_recession_2026,0.325,3,-0.0050000000000000044,0.0015646021,0.0,0.05499999999999999,-0.01009259259259259,0.3265646021347493,0.32,-0.006564602134749298
2026-03-10,china_taiwan,0.104,3,-0.006999999999999992,-0.0026899346,0.0,-0.004500000000000004,-0.0016681818181818182,0.10131006543152034,0.097,-0.004310065431520335
2026-03-10,ecb_hike_2026,0.455,3,0.10000000000000003,-0.011470547,0.0,0.0050000000000000044,0.010735294117647058,0.4435294530540705,0.555,0.11147054694592956
2026-03-10,fed_hike_2026,0.105,3,0.03500000000000002,-0.0035546515,0.0,-0.020000000000000004,6.172839506172845e-05,0.10144534848630428,0.14,0.038554651513695734
2026-03-10,negative_gdp_2026,0.216,3,-0.017499999999999988,-0.005193952,0.0,-0.006500000000000006,0.0005436893203883498,0.21080604799464345,0.1985,-0.012306047994643438
2026-03-10,recession_2026,0.285,3,0.050000000000000044,-0.008295043,0.0,-0.08000000000000002,-0.001920529801324504,0.2767049566283822,0.335,0.05829504337161784
2026-03-10,ukraine_ceasefire,0.395,3,-0.020000000000000018,-0.0030618198,0.0,0.010000000000000009,-0.0017298578199052134,0.39193818017840387,0.375,-0.016938180178403872
2026-03-10,us_latam_invasion_2026,0.225,3,0.0050000000000000044,-0.0026899346,0.0,0.015000000000000013,0.002058823529411765,0.22231006543152035,0.23,0.007689934568479662
2026-03-11,canada_recession_2026,0.31,3,0.06,-0.00088376773,0.0,-0.015000000000000013,-0.010045871559633027,0.30911623226944357,0.37,0.060883767730556426
2026-03-11,china_taiwan,0.1035,3,-0.00399999999999999,-0.0026899346,0.0,-0.0005000000000000004,-0.0016923076923076924,0.10081006543152034,0.0995,-0.0013100654315203325
2026-03-11,ecb_hike_2026,0.33,3,0.14499999999999996,-0.011873335,0.0,-0.125,0.012028985507246378,0.31812666535377504,0.475,0.15687333464622494
2026-03-11,fed_hike_2026,0.115,3,0.02500000000000001,-0.003008877,0.0,0.010000000000000009,0.00048780487804878076,0.11199112307280303,0.14,0.028008876927196988
2026-03-11,negative_gdp_2026,0.2175,3,-0.026999999999999996,-0.003638743,0.0,0.0015000000000000013,0.00037019230769230814,0.21386125704273581,0.1905,-0.02336125704273581
2026-03-11,recession_2026,0.285,3,0.06,-0.0033074147,0.0,0.0,-0.001578947368421053,0.28169258529320357,0.345,0.0633074147067964
2026-03-11,ukraine_ceasefire,0.41,3,-0.044999999999999984,-0.0030618198,0.0,0.014999999999999958,-0.001816037735849057,0.40693818017840383,0.365,-0.04193818017840384
2026-03-11,us_latam_invasion_2026,0.215,3,0.0050000000000000044,-0.0026899346,0.0,-0.010000000000000009,0.0021153846153846158,0.21231006543152034,0.22,0.007689934568479662
2026-03-12,canada_recession_2026,0.315,3,0.08000000000000002,0.0005983076,0.0,0.0050000000000000044,-0.009409090909090909,0.31559830758254975,0.395,0.07940169241745026
2026-03-12,china_taiwan,0.0955,3,0.005500000000000005,-0.0026899346,0.0,-0.007999999999999993,-0.0017027027027027026,0.09281006543152034,0.101,0.008189934568479662
2026-03-12,ecb_hike_2026,0.49,3,0.030000000000000027,-0.0033603576,0.0,0.15999999999999998,0.013928571428571429,0.4866396423988044,0.52,0.0333603576011956
2026-03-12,fed_hike_2026,0.115,3,0.039999999999999994,-0.0026899346,0.0,0.0,0.0007831325301204823,0.11231006543152035,0.155,0.04268993456847965
2026-03-12,negative_gdp_2026,0.2175,3,-0.036500000000000005,-0.0075463676,0.0,0.0,0.00010952380952381002,0.20995363241061568,0.181,-0.028953632410615687
2026-03-12,recession_2026,0.295,3,0.020000000000000018,-0.0056473296,0.0,0.010000000000000009,-0.0011764705882352944,0.2893526703864336,0.315,0.025647329613566416
2026-03-12,us_latam_invasion_2026,0.22,3,-0.0050000000000000044,-0.0026899346,0.0,0.0050000000000000044,0.0021698113207547173,0.21731006543152034,0.215,-0.0023100654315203473
2026-03-13,china_taiwan,0.097,3,0.014499999999999999,-0.0026899346,0.0,0.0015000000000000013,-0.0016704035874439461,0.09431006543152035,0.1115,0.017189934568479656
2026-03-13,ecb_hike_2026,0.555,3,-0.06500000000000006,-0.013598658,0.0,0.06500000000000006,0.01415492957746479,0.541401341855526,0.49,-0.05140134185552603
2026-03-13,fed_hike_2026,0.14,3,0.014999999999999986,-0.0026899346,0.0,0.02500000000000001,0.0012500000000000002,0.13731006543152036,0.155,0.017689934568479643
2026-03-14,canada_recession_2026,0.32,3,0.07,0.0010010942,0.0,0.0050000000000000044,-0.008603603603603602,0.3210010942351073,0.39,0.0689989057648927
2026-03-14,china_taiwan,0.0995,3,0.008999999999999994,-0.0026899346,0.0,0.0025000000000000022,-0.0015982142857142857,0.09681006543152035,0.1085,0.011689934568479651
2026-03-14,ecb_hike_2026,0.475,3,-0.019999999999999962,-0.014534959,0.0,-0.08000000000000007,0.013055555555555555,0.46046504136174915,0.455,-0.0054650413617491345
2026-03-14,fed_hike_2026,0.14,3,0.034999999999999976,-0.0042226017,0.0,0.0,0.001411764705882353,0.13577739834785463,0.175,0.03922260165214536
2026-03-14,recession_2026,0.335,3,-0.030000000000000027,-0.003398688,0.0,0.040000000000000036,-0.0010389610389610392,0.331601311955601,0.305,-0.026601311955601004
2026-03-14,ukraine_ceasefire,0.375,3,-0.010000000000000009,-0.0040557096,0.0,-0.034999999999999976,-0.002018779342723005,0.37094429042190313,0.365,-0.005944290421903142
2026-03-14,us_latam_invasion_2026,0.23,3,-0.015000000000000013,-0.0026899346,0.0,0.010000000000000009,0.0020370370370370373,0.22731006543152035,0.215,-0.012310065431520356
2026-03-15,china_taiwan,0.101,3,0.013999999999999999,-0.0026899346,0.0,0.0015000000000000013,-0.001551111111111111,0.09831006543152035,0.115,0.016689934568479656
2026-03-15,ecb_hike_2026,0.52,3,0.08499999999999996,-0.008905304,0.0,0.04500000000000004,0.012602739726027398,0.5110946963354945,0.605,0.09390530366450545
2026-03-15,fed_hike_2026,0.155,3,0.024999999999999994,-0.0032357092,0.0,0.014999999999999986,0.0018023255813953486,0.1517642908450216,0.18,0.02823570915497839
2026-03-15,recession_2026,0.345,3,-0.03999999999999998,-0.013446683,0.0,0.009999999999999953,-0.0012258064516129036,0.33155331693589685,0.305,-0.026553316935896853
2026-03-15,ukraine_ceasefire,0.375,3,-0.020000000000000018,-0.0030618198,0.0,0.0,-0.0020560747663551406,0.37193818017840385,0.355,-0.016938180178403872
2026-03-15,us_latam_invasion_2026,0.22,3,-0.0050000000000000044,-0.0026899346,0.0,-0.010000000000000009,0.0017272727272727272,0.21731006543152034,0.215,-0.0023100654315203473
2026-03-16,china_taiwan,0.1115,3,-0.011999999999999997,-0.0026899346,0.0,0.010499999999999995,-0.0014823008849557523,0.10881006543152034,0.0995,-0.00931006543152034
2026-03-16,recession_2026,0.315,3,-0.0050000000000000044,-0.005193952,0.0,-0.02999999999999997,-0.0014743589743589746,0.30980604799464345,0.31,0.00019395200535654578
2026-03-16,us_latam_invasion_2026,0.215,3,0.04000000000000001,-0.0026899346,0.0,-0.0050000000000000044,0.0016071428571428571,0.21231006543152034,0.255,0.042689934568479665
2026-03-17,canada_recession_2026,0.37,3,0.025000000000000022,-0.0030618198,0.0,0.04999999999999999,-0.007901785714285714,0.36693818017840385,0.395,0.028061819821596168
2026-03-17,china_taiwan,0.1085,3,-0.007999999999999993,-0.0026899346,0.0,-0.0030000000000000027,-0.00152863436123348,0.10581006543152034,0.1005,-0.005310065431520336
2026-03-17,ecb_hike_2026,0.49,3,0.16000000000000003,-0.013054399,0.0,-0.030000000000000027,0.01358108108108108,0.4769456011801958,0.65,0.17305439881980422
2026-03-17,fed_hike_2026,0.155,3,0.04500000000000001,-0.0031827663,0.0,0.0,0.0020689655172413794,0.15181723373942077,0.2,0.04818276626057924
2026-03-17,negative_gdp_2026,0.1985,3,-0.017500000000000016,-0.0070005925,0.0,-0.01899999999999999,-0.00023584905660377315,0.19149940746277572,0.181,-0.010499407462775723
2026-03-17,recession_2026,0.305,3,0.030000000000000027,-0.0037118765,0.0,-0.010000000000000009,-0.001496815286624204,0.30128812354058027,0.335,0.033711876459419754
2026-03-17,ukraine_ceasefire,0.365,3,-0.010000000000000009,-0.0030618198,0.0,-0.010000000000000009,-0.0021395348837209304,0.36193818017840385,0.355,-0.006938180178403863
2026-03-17,us_latam_invasion_2026,0.215,3,0.04000000000000001,-0.0026899346,0.0,0.0,0.002280701754385965,0.21231006543152034,0.255,0.042689934568479665
2026-03-18,canada_recession_2026,0.395,3,0.0050000000000000044,-0.009334878,0.0,0.025000000000000022,-0.0076106194690265475,0.385665121935308,0.4,0.014334878064692025
2026-03-18,china_taiwan,0.115,3,-0.009500000000000008,-0.0026899346,0.0,0.006500000000000006,-0.001557017543859649,0.11231006543152035,0.1055,-0.006810065431520351
2026-03-18,ecb_hike_2026,0.455,3,0.335,-0.0044486327,0.0,-0.034999999999999976,0.015533333333333333,0.45055136729031803,0.79,0.339448632709682
2026-03-18,fed_hike_2026,0.175,3,0.03,-0.0026899346,0.0,0.01999999999999999,0.0025568181818181814,0.17231006543152033,0.205,0.032689934568479656
2026-03-18,negative_gdp_2026,0.1905,3,-0.018000000000000016,-0.003196503,0.0,-0.008000000000000007,-0.0003971962616822427,0.18730349696427584,0.1725,-0.014803496964275853
2026-03-18,recession_2026,0.305,3,0.03999999999999998,0.0015646021,0.0,0.0,-0.0012974683544303798,0.3065646021347493,0.345,0.03843539786525069
2026-03-18,ukraine_ceasefire,0.365,3,-0.010000000000000009,-0.0013898537,0.0,0.0,-0.002175925925925926,0.36361014634370803,0.355,-0.008610146343708047
2026-03-18,us_latam_invasion_2026,0.215,3,0.035,-0.0026899346,0.0,0.0,0.0029310344827586207,0.21231006543152034,0.25,0.03768993456847966
2026-03-19,china_taiwan,0.0995,3,0.007499999999999993,-0.0026899346,0.0,-0.0155,-0.001591703056768559,0.09681006543152035,0.107,0.01018993456847965
2026-03-19,ecb_hike_2026,0.605,3,0.20999999999999996,-0.004800152,0.0,0.14999999999999997,0.019736842105263157,0.6001998479664326,0.815,0.2148001520335674
2026-03-19,recession_2026,0.31,3,0.034999999999999976,-0.001761739,0.0,0.0050000000000000044,-0.001037735849056604,0.3082382609741762,0.345,0.03676173902582375
2026-03-19,ukraine_ceasefire,0.355,3,-0.019999999999999962,-0.0026899346,0.0,-0.010000000000000009,-0.002211981566820277,0.3523100654315203,0.335,-0.017310065431520305
2026-03-19,us_latam_invasion_2026,0.255,3,-0.010000000000000009,-0.0026899346,0.0,0.04000000000000001,0.003474576271186441,0.25231006543152035,0.245,-0.007310065431520352
2026-03-20,canada_recession_2026,0.39,3,0.034999999999999976,-0.009334878,0.0,-0.0050000000000000044,-0.007499999999999999,0.380665121935308,0.425,0.044334878064691996
2026-03-20,china_taiwan,0.1005,3,0.006999999999999992,-0.0026899346,0.0,0.0010000000000000009,-0.0015521739130434783,0.09781006543152035,0.1075,0.00968993456847965
2026-03-20,ecb_hike_2026,0.65,3,0.15500000000000003,-0.01893915,0.0,0.04500000000000004,0.022207792207792208,0.6310608495026827,0.805,0.17393915049731734
2026-03-20,fed_hike_2026,0.18,3,0.05499999999999999,-0.0063825874,0.0,0.0050000000000000044,0.0028651685393258426,0.1736174126341939,0.235,0.061382587365806096
2026-03-20,negative_gdp_2026,0.181,3,-0.008500000000000008,-0.0022096103,0.0,-0.009500000000000008,-0.000560185185185185,0.17879038969427347,0.1725,-0.006290389694273479
2026-03-20,recession_2026,0.335,3,0.024999999999999967,-0.0030618198,0.0,0.025000000000000022,-0.0008125000000000004,0.3319381801784039,0.36,0.028061819821596112
2026-03-20,ukraine_ceasefire,0.355,3,-0.019999999999999962,-0.0026899346,0.0,0.0,-0.0022935779816513763,0.3523100654315203,0.335,-0.017310065431520305
2026-03-20,us_latam_invasion_2026,0.255,3,-0.010000000000000009,-0.0032357092,0.0,0.0,0.0032500000000000003,0.2517642908450216,0.245,-0.006764290845021614
2026-03-21,canada_recession_2026,0.395,3,0.0,-0.008295043,0.0,0.0050000000000000044,-0.007130434782608695,0.3867049566283822,0.395,0.008295043371617794
2026-03-21,china_taiwan,0.1055,3,0.0050000000000000044,-0.0026899346,0.0,0.0049999999999999906,-0.0015151515151515154,0.10281006543152034,0.1105,0.007689934568479662
2026-03-21,ecb_hike_2026,0.79,3,0.08999999999999997,-0.015862478,0.0,0.14,0.02391025641025641,0.7741375220566988,0.88,0.10586247794330117
2026-03-21,fed_hike_2026,0.2,3,-0.0050000000000000044,-0.0031827663,0.0,0.020000000000000018,0.0034444444444444444,0.19681723373942078,0.195,-0.001817233739420776
2026-03-21,negative_gdp_2026,0.181,3,-0.024999999999999994,-0.00090952974,0.0,0.0,-0.0006330275229357797,0.1800904702572152,0.156,-0.024090470257215196
2026-03-21,recession_2026,0.345,3,-0.009999999999999953,-0.0036075944,0.0,0.009999999999999953,-0.0006521739130434789,0.3413924055919051,0.335,-0.00639240559190507
2026-03-21,ukraine_ceasefire,0.355,3,-0.010000000000000009,-0.0026899346,0.0,0.0,-0.002374429223744292,0.3523100654315203,0.345,-0.007310065431520352
2026-03-21,us_latam_invasion_2026,0.25,3,-0.0050000000000000044,-0.0032357092,0.0,-0.0050000000000000044,0.0030327868852459017,0.2467642908450216,0.245,-0.00176429084502161
2026-03-22,canada_recession_2026,0.4,3,-0.0050000000000000044,-0.0067544724,0.0,0.0050000000000000044,-0.007068965517241378,0.3932455276139081,0.395,0.0017544723860919431
2026-03-22,china_taiwan,0.107,3,0.0005000000000000004,-0.0026899346,0.0,0.0015000000000000013,-0.0014870689655172415,0.10431006543152034,0.1075,0.0031899345684796576
2026-03-22,ecb_hike_2026,0.815,3,0.030000000000000027,-0.01739789,0.0,0.02499999999999991,0.024746835443037976,0.797602110132575,0.845,0.04739788986742499
2026-03-22,fed_hike_2026,0.205,3,0.0,-0.008026692,0.0,0.004999999999999977,0.0033516483516483515,0.1969733079150319,0.205,0.00802669208496809
2026-03-22,negative_gdp_2026,0.1725,3,-0.0069999999999999785,0.004350066,0.0,-0.008500000000000008,-0.0008545454545454544,0.17685006618499755,0.1655,-0.011350066184997537
2026-03-22,recession_2026,0.345,3,0.0,-0.0032357092,0.0,0.0,-0.0007098765432098768,0.3417642908450216,0.345,0.0032357091549783945
2026-03-22,ukraine_ceasefire,0.335,3,0.0,0.0019364875,0.0,-0.019999999999999962,-0.0024090909090909093,0.3369364875042811,0.335,-0.0019364875042811036
2026-03-22,us_latam_invasion_2026,0.245,3,0.0,-0.0032357092,0.0,-0.0050000000000000044,0.0029032258064516127,0.2417642908450216,0.245,0.0032357091549783945
2026-03-23,canada_recession_2026,0.425,3,-0.010000000000000009,-0.007852802,0.0,0.024999999999999967,-0.0070512820512820505,0.4171471979469061,0.415,-0.0021471979469060987
2026-03-23,china_taiwan,0.1075,3,-0.0010000000000000009,-0.0026899346,0.0,0.0005000000000000004,-0.001478540772532189,0.10481006543152034,0.1065,0.0016899345684796563
2026-03-23,ecb_hike_2026,0.805,3,0.009999999999999898,-0.01739789,0.0,-0.009999999999999898,0.0248125,0.7876021101325751,0.815,0.027397889867424863
2026-03-23,fed_hike_2026,0.235,3,-0.009999999999999981,-0.0042226017,0.0,0.03,0.003315217391304348,0.2307773983478546,0.225,-0.005777398347854595
2026-03-23,negative_gdp_2026,0.1725,3,-0.01899999999999999,0.004350066,0.0,0.0,-0.0009099099099099095,0.17685006618499755,0.1535,-0.023350066184997548
2026-03-23,recession_2026,0.36,3,-0.015000000000000013,-0.0032357092,0.0,0.015000000000000013,-0.0007055214723926383,0.3567642908450216,0.345,-0.011764290845021619
2026-03-23,ukraine_ceasefire,0.335,3,0.0,-0.0026899346,0.0,0.0,-0.002398190045248869,0.33231006543152036,0.335,0.002689934568479657
2026-03-23,us_latam_invasion_2026,0.245,3,-0.010000000000000009,-0.0026899346,0.0,0.0,0.002857142857142857,0.24231006543152034,0.235,-0.007310065431520352
2026-03-24,canada_recession_2026,0.395,3,0.034999999999999976,-0.0073587424,0.0,-0.02999999999999997,-0.007076271186440677,0.3876412575878203,0.43,0.042358742412179684
2026-03-24,china_taiwan,0.1105,3,-0.0050000000000000044,-0.0026899346,0.0,0.0030000000000000027,-0.0014764957264957266,0.10781006543152034,0.1055,-0.0023100654315203473
2026-03-24,ecb_hike_2026,0.88,3,-0.050000000000000044,-0.01513536,0.0,0.07499999999999996,0.02462962962962963,0.8648646400496364,0.83,-0.03486464004963641
2026-03-24,fed_hike_2026,0.195,3,0.044999999999999984,-0.007923158,0.0,-0.03999999999999998,0.003172043010752688,0.18707684211432934,0.24,0.052923157885670646
2026-03-24,negative_gdp_2026,0.156,3,-0.0050000000000000044,0.004350066,0.0,-0.016499999999999987,-0.001071428571428571,0.16035006618499756,0.151,-0.009350066184997563
2026-03-24,recession_2026,0.335,3,0.019999999999999962,-0.0031827663,0.0,-0.024999999999999967,-0.0007926829268292687,0.3318172337394208,0.355,0.02318276626057919
2026-03-24,ukraine_ceasefire,0.345,3,-0.019999999999999962,-0.0026899346,0.0,0.009999999999999953,-0.0023873873873873877,0.3423100654315203,0.325,-0.017310065431520305
2026-03-24,us_latam_invasion_2026,0.245,3,-0.010000000000000009,-0.0026899346,0.0,0.0,0.0026562499999999998,0.24231006543152034,0.235,-0.007310065431520352
2026-03-25,canada_recession_2026,0.395,3,0.03999999999999998,-0.0062086973,0.0,0.0,-0.006722689075630252,0.3887913026660681,0.435,0.0462086973339319
2026-03-25,china_taiwan,0.1075,3,-0.0015000000000000013,-0.0026899346,0.0,-0.0030000000000000027,-0.0014914893617021278,0.10481006543152034,0.106,0.0011899345684796558
2026-03-25,ecb_hike_2026,0.845,3,-0.010000000000000009,-0.01739789,0.0,-0.03500000000000003,0.023719512195121948,0.827602110132575,0.835,0.007397889867424956
2026-03-25,fed_hike_2026,0.205,3,-0.01999999999999999,-0.0030618198,0.0,0.009999999999999981,0.0036170212765957444,0.20193818017840384,0.185,-0.016938180178403844
2026-03-25,negative_gdp_2026,0.1655,3,-0.03,0.005438148,0.0,0.009500000000000008,-0.0011061946902654863,0.17093814804404975,0.1355,-0.03543814804404974
2026-03-25,recession_2026,0.345,3,0.015000000000000013,-0.0026899346,0.0,0.009999999999999953,-0.0006666666666666673,0.3423100654315203,0.36,0.01768993456847967
2026-03-25,ukraine_ceasefire,0.335,3,-0.020000000000000018,-0.0026899346,0.0,-0.009999999999999953,-0.0024663677130044846,0.33231006543152036,0.315,-0.01731006543152036
2026-03-25,us_latam_invasion_2026,0.245,3,-0.010000000000000009,-0.0026899346,0.0,0.0,0.002461538461538461,0.24231006543152034,0.235,-0.007310065431520352
2026-03-26,canada_recession_2026,0.415,3,0.010000000000000009,-0.0030618198,0.0,0.019999999999999962,-0.006333333333333333,0.41193818017840383,0.425,0.013061819821596155
2026-03-26,china_taiwan,0.1065,3,-0.008999999999999994,-0.0026899346,0.0,-0.0010000000000000009,-0.0014915254237288138,0.10381006543152034,0.0975,-0.006310065431520337
2026-03-26,ecb_hike_2026,0.815,3,0.030000000000000027,-0.015464369,0.0,-0.030000000000000027,0.02331325301204819,0.7995356307923793,0.845,0.04546436920762065
2026-03-26,fed_hike_2026,0.225,3,-0.08000000000000002,-0.003008877,0.0,0.020000000000000018,0.003368421052631579,0.22199112307280303,0.145,-0.07699112307280304
2026-03-26,negative_gdp_2026,0.1535,3,-0.028999999999999998,-0.0018377249,0.0,-0.01200000000000001,-0.0013596491228070173,0.15166227506380528,0.1245,-0.02716227506380528
2026-03-26,recession_2026,0.345,3,0.010000000000000009,-0.0026899346,0.0,0.0,-0.0005722891566265065,0.3423100654315203,0.355,0.012689934568479666
2026-03-26,ukraine_ceasefire,0.335,3,-0.030000000000000027,-0.0026899346,0.0,0.0,-0.0025446428571428573,0.33231006543152036,0.305,-0.02731006543152037
2026-03-26,us_latam_invasion_2026,0.235,3,0.0,-0.0026899346,0.0,-0.010000000000000009,0.002272727272727272,0.23231006543152033,0.235,0.002689934568479657
2026-03-27,canada_recession_2026,0.43,3,-0.034999999999999976,-0.0030618198,0.0,0.015000000000000013,-0.006198347107438017,0.42693818017840385,0.395,-0.03193818017840383
2026-03-27,china_taiwan,0.1055,3,-0.015,-0.0026899346,0.0,-0.0010000000000000009,-0.0015232067510548522,0.10281006543152034,0.0905,-0.012310065431520342
2026-03-27,ecb_hike_2026,0.83,3,0.015000000000000013,-0.015915815,0.0,0.015000000000000013,0.023392857142857142,0.8140841852128505,0.845,0.030915814787149443
2026-03-27,fed_hike_2026,0.24,3,-0.08499999999999999,-0.004048712,0.0,0.014999999999999986,0.0025,0.2359512879140675,0.155,-0.0809512879140675
2026-03-27,negative_gdp_2026,0.151,3,-0.040499999999999994,-0.0018377249,0.0,-0.0025000000000000022,-0.0015999999999999994,0.14916227506380528,0.1105,-0.038662275063805276
2026-03-27,recession_2026,0.355,3,-0.06,-0.0026899346,0.0,0.010000000000000009,-0.0005089820359281442,0.3523100654315203,0.295,-0.05731006543152034
2026-03-27,ukraine_ceasefire,0.325,3,-0.040000000000000036,-0.0026899346,0.0,-0.010000000000000009,-0.002666666666666667,0.32231006543152035,0.285,-0.03731006543152038
2026-03-27,us_latam_invasion_2026,0.235,3,0.0,-0.0026899346,0.0,0.0,0.0022388059701492534,0.23231006543152033,0.235,0.002689934568479657
2026-03-28,canada_recession_2026,0.435,3,-0.04999999999999999,-0.0036075944,0.0,0.0050000000000000044,-0.006434426229508196,0.4313924055919051,0.385,-0.046392405591905106
2026-03-28,china_taiwan,0.106,3,-0.019500000000000003,-0.0026899346,0.0,0.0005000000000000004,-0.0015798319327731093,0.10331006543152034,0.0865,-0.016810065431520346
2026-03-28,ecb_hike_2026,0.835,3,-0.13,-0.014615733,0.0,0.0050000000000000044,0.023294117647058823,0.8203842668235302,0.705,-0.1153842668235302
2026-03-28,recession_2026,0.36,3,-0.07500000000000001,-0.0026899346,0.0,0.0050000000000000044,-0.0008630952380952385,0.35731006543152033,0.285,-0.07231006543152035
2026-03-28,ukraine_ceasefire,0.315,3,-0.04999999999999999,-0.0026899346,0.0,-0.010000000000000009,-0.0028318584070796465,0.31231006543152035,0.265,-0.04731006543152033
2026-03-28,us_latam_invasion_2026,0.235,3,0.0,-0.0026899346,0.0,0.0,0.002205882352941176,0.23231006543152033,0.235,0.002689934568479657
2026-03-29,canada_recession_2026,0.425,3,-0.065,-0.0036075944,0.0,-0.010000000000000009,-0.0067886178861788615,0.4213924055919051,0.36,-0.06139240559190512
2026-03-29,ecb_hike_2026,0.845,3,-0.16499999999999992,-0.008632241,0.0,0.010000000000000009,0.021511627906976742,0.8363677591830492,0.68,-0.15636775918304913
2026-03-29,us_latam_invasion_2026,0.235,3,0.0,-0.0026899346,0.0,0.0,0.0021739130434782605,0.23231006543152033,0.235,0.002689934568479657
2026-03-31,ecb_hike_2026,0.845,3,-0.06999999999999995,-0.008191125,0.0,0.0,0.019367816091954024,0.8368088754639029,0.775,-0.0618088754639029
2026-03-31,us_latam_invasion_2026,0.235,3,-0.009999999999999981,-0.0026899346,0.0,0.0,0.0021428571428571425,0.23231006543152033,0.225,-0.007310065431520324
2026-04-05,canada_recession_2026,0.395,3,0.0050000000000000044,-0.0030618198,0.0,-0.02999999999999997,-0.007258064516129032,0.39193818017840387,0.4,0.00806181982159615
2026-04-05,fed_hike_2026,0.185,3,-0.04000000000000001,-0.004594487,0.0,-0.05499999999999999,0.0015979381443298967,0.18040551286190748,0.145,-0.03540551286190749
2026-04-05,negative_gdp_2026,0.1355,3,-0.04600000000000001,-0.0018377249,0.0,-0.015499999999999986,-0.0019353448275862065,0.1336622750638053,0.0895,-0.044162275063805295
